#
# There is insufficient memory for the Java Runtime Environment to continue.
# Native memory allocation (mmap) failed to map 65536 bytes. Error detail: Failed to commit metaspace.
# Possible reasons:
#   The system is out of physical RAM or swap space
#   This process is running with CompressedOops enabled, and the Java Heap may be blocking the growth of the native heap
# Possible solutions:
#   Reduce memory load on the system
#   Increase physical memory or swap space
#   Check if swap backing store is full
#   Decrease Java heap size (-Xmx/-Xms)
#   Decrease number of Java threads
#   Decrease Java thread stack sizes (-Xss)
#   Set larger code cache with -XX:ReservedCodeCacheSize=
#   JVM is running with Unscaled Compressed Oops mode in which the Java heap is
#     placed in the first 4GB address space. The Java Heap base address is the
#     maximum limit for the native heap growth. Please use -XX:HeapBaseMinAddress
#     to set the Java Heap base and to place the Java Heap above 4GB virtual address.
# This output file may be truncated or incomplete.
#
#  Out of Memory Error (virtualSpaceNode.cpp:113), pid=17768, tid=26084
#
# JRE version: OpenJDK Runtime Environment Temurin-21.0.8+9 (21.0.8+9) (build 21.0.8+9-LTS)
# Java VM: OpenJDK 64-Bit Server VM Temurin-21.0.8+9 (21.0.8+9-LTS, mixed mode, sharing, tiered, compressed oops, compressed class ptrs, parallel gc, windows-amd64)
# No core dump will be written. Minidumps are not enabled by default on client versions of Windows
#

---------------  S U M M A R Y ------------

Command Line: --add-modules=ALL-SYSTEM --add-opens=java.base/java.util=ALL-UNNAMED --add-opens=java.base/java.lang=ALL-UNNAMED --add-opens=java.base/sun.nio.fs=ALL-UNNAMED -Declipse.application=org.eclipse.jdt.ls.core.id1 -Dosgi.bundles.defaultStartLevel=4 -Declipse.product=org.eclipse.jdt.ls.core.product -Djava.import.generatesMetadataFilesAtProjectRoot=false -DDetectVMInstallationsJob.disabled=true -Dfile.encoding=utf8 -XX:+UseParallelGC -XX:GCTimeRatio=4 -XX:AdaptiveSizePolicyWeight=90 -Dsun.zip.disableMemoryMapping=true -Xmx2G -Xms100m -Xlog:disable -javaagent:c:\Users\LENOVO\.cursor\extensions\redhat.java-1.44.0-win32-x64\lombok\lombok-1.18.39-4050.jar c:\Users\LENOVO\.cursor\extensions\redhat.java-1.44.0-win32-x64\server\plugins\org.eclipse.equinox.launcher_1.7.0.v20250519-0528.jar -configuration c:\Users\LENOVO\AppData\Roaming\Cursor\User\globalStorage\redhat.java\1.44.0\config_ss_win -data c:\Users\LENOVO\AppData\Roaming\Cursor\User\workspaceStorage\1baef6df04993292a9366d1574bcb784\redhat.java\ss_ws --pipe=\\.\pipe\lsp-3bae34be2a5673bdce76e4eb0caee116-sock

Host: AMD Ryzen 5 5500U with Radeon Graphics         , 12 cores, 5G,  Windows 11 , 64 bit Build 26100 (10.0.26100.4768)
Time: Sun Aug 10 12:07:45 2025 India Standard Time elapsed time: 48.352397 seconds (0d 0h 0m 48s)

---------------  T H R E A D  ---------------

Current thread (0x000001f404556b40):  JavaThread "Start Level: Equinox Container: f14a377b-2728-45c1-8c6a-6da2e485d5b2" daemon [_thread_in_vm, id=26084, stack(0x0000008385f00000,0x0000008386000000) (1024K)]

Stack: [0x0000008385f00000,0x0000008386000000]
Native frames: (J=compiled Java code, j=interpreted, Vv=VM code, C=native code)
V  [jvm.dll+0x6d2449]
V  [jvm.dll+0x8ae341]
V  [jvm.dll+0x8b08be]
V  [jvm.dll+0x8b0fa3]
V  [jvm.dll+0x280c96]
V  [jvm.dll+0x8aa07e]
V  [jvm.dll+0x6745b5]
V  [jvm.dll+0x1e5b2c]
V  [jvm.dll+0x1e58fe]
V  [jvm.dll+0x676eb2]
V  [jvm.dll+0x676cd2]
V  [jvm.dll+0x674f8e]
V  [jvm.dll+0x685fd9]
V  [jvm.dll+0x67f40e]
V  [jvm.dll+0x3d7ad1]
C  0x000001f42c87b91b

The last pc belongs to method entry point (kind = zerolocals) (printed below).
Java frames: (J=compiled Java code, j=interpreted, Vv=VM code)
j  org.eclipse.core.runtime.Assert.isNotNull(Ljava/lang/Object;Ljava/lang/String;)V+0
j  org.eclipse.core.runtime.Assert.isNotNull(Ljava/lang/Object;)V+3
j  org.eclipse.core.runtime.Path.<init>(Ljava/lang/String;Z)V+89
j  org.eclipse.core.runtime.Path.<init>(Ljava/lang/String;)V+5
j  org.eclipse.core.runtime.Path$Constants.empty()Lorg/eclipse/core/runtime/Path;+12
j  org.eclipse.core.runtime.Path.<clinit>()V+0
v  ~StubRoutines::call_stub 0x000001f42c87100d
j  org.eclipse.core.runtime.Path$Constants.<clinit>()V+23
v  ~StubRoutines::call_stub 0x000001f42c87100d
j  org.eclipse.core.runtime.IPath.<clinit>()V+0
v  ~StubRoutines::call_stub 0x000001f42c87100d
j  org.eclipse.core.internal.preferences.BundleDefaultPreferences.<init>(Lorg/eclipse/core/internal/preferences/EclipsePreferences;Ljava/lang/String;)V+10
j  org.eclipse.core.internal.preferences.BundleDefaultPreferences.<init>()V+3
j  org.eclipse.core.internal.preferences.PreferencesService.<init>()V+27
j  org.eclipse.core.internal.preferences.PreferencesService.getDefault()Lorg/eclipse/core/internal/preferences/PreferencesService;+10
j  org.eclipse.core.internal.preferences.Activator.start(Lorg/osgi/framework/BundleContext;)V+46
j  org.eclipse.osgi.internal.framework.BundleContextImpl$2.run()Ljava/lang/Void;+23
j  org.eclipse.osgi.internal.framework.BundleContextImpl$2.run()Ljava/lang/Object;+1
J 1176 c1 java.security.AccessController.executePrivileged(Ljava/security/PrivilegedExceptionAction;Ljava/security/AccessControlContext;Ljava/lang/Class;)Ljava/lang/Object; java.base@21.0.8 (65 bytes) @ 0x000001f42551a2c4 [0x000001f42551a160+0x0000000000000164]
j  java.security.AccessController.doPrivileged(Ljava/security/PrivilegedExceptionAction;)Ljava/lang/Object;+9 java.base@21.0.8
j  org.eclipse.osgi.internal.framework.BundleContextImpl.startActivator(Lorg/osgi/framework/BundleActivator;)V+9
j  org.eclipse.osgi.internal.framework.BundleContextImpl.start()V+141
j  org.eclipse.osgi.internal.framework.EquinoxBundle.startWorker0()V+35
j  org.eclipse.osgi.internal.framework.EquinoxBundle$EquinoxModule.startWorker()V+4
j  org.eclipse.osgi.container.Module.doStart([Lorg/eclipse/osgi/container/Module$StartOptions;)Lorg/eclipse/osgi/container/ModuleContainerAdaptor$ModuleEvent;+200
j  org.eclipse.osgi.container.Module.start([Lorg/eclipse/osgi/container/Module$StartOptions;)V+460
j  org.eclipse.osgi.framework.util.SecureAction.start(Lorg/eclipse/osgi/container/Module;[Lorg/eclipse/osgi/container/Module$StartOptions;)V+8
j  org.eclipse.osgi.internal.hooks.EclipseLazyStarter.postFindLocalClass(Ljava/lang/String;Ljava/lang/Class;Lorg/eclipse/osgi/internal/loader/classpath/ClasspathManager;)V+173
j  org.eclipse.osgi.internal.loader.classpath.ClasspathManager.findLocalClass(Ljava/lang/String;)Ljava/lang/Class;+148
j  org.eclipse.osgi.internal.loader.ModuleClassLoader.findLocalClass(Ljava/lang/String;)Ljava/lang/Class;+5
j  org.eclipse.osgi.internal.loader.BundleLoader.findLocalClass(Ljava/lang/String;)Ljava/lang/Class;+64
j  org.eclipse.osgi.internal.loader.sources.SingleSourcePackage.loadClass(Ljava/lang/String;)Ljava/lang/Class;+5
J 1859 c1 org.eclipse.osgi.internal.loader.BundleLoader.findClass0(Ljava/lang/String;ZZ)Ljava/lang/Class; (491 bytes) @ 0x000001f42568c25c [0x000001f4256893a0+0x0000000000002ebc]
J 1858 c1 org.eclipse.osgi.internal.loader.BundleLoader.findClass(Ljava/lang/String;)Ljava/lang/Class; (8 bytes) @ 0x000001f4256889cc [0x000001f425688940+0x000000000000008c]
J 1896 c1 org.eclipse.osgi.internal.loader.ModuleClassLoader.loadClass(Ljava/lang/String;Z)Ljava/lang/Class; (36 bytes) @ 0x000001f42569e5cc [0x000001f42569e3a0+0x000000000000022c]
J 1020 c1 java.lang.ClassLoader.loadClass(Ljava/lang/String;)Ljava/lang/Class; java.base@21.0.8 (7 bytes) @ 0x000001f4254d3854 [0x000001f4254d3740+0x0000000000000114]
v  ~StubRoutines::call_stub 0x000001f42c87100d
j  java.lang.Class.getDeclaredMethods0(Z)[Ljava/lang/reflect/Method;+0 java.base@21.0.8
j  java.lang.Class.privateGetDeclaredMethods(Z)[Ljava/lang/reflect/Method;+34 java.base@21.0.8
j  java.lang.Class.getDeclaredMethod(Ljava/lang/String;[Ljava/lang/Class;)Ljava/lang/reflect/Method;+25 java.base@21.0.8
j  org.apache.felix.scr.impl.inject.methods.BaseMethod.getMethod(Ljava/lang/Class;Ljava/lang/String;[Ljava/lang/Class;ZZLorg/apache/felix/scr/impl/logger/ComponentLogger;)Ljava/lang/reflect/Method;+3
j  org.apache.felix.scr.impl.inject.methods.BindMethod.getServiceReferenceMethod(Ljava/lang/Class;ZZLorg/apache/felix/scr/impl/logger/ComponentLogger;)Ljava/lang/reflect/Method;+20
j  org.apache.felix.scr.impl.inject.methods.BindMethod.doFindMethod(Ljava/lang/Class;ZZLorg/apache/felix/scr/impl/logger/ComponentLogger;)Lorg/apache/felix/scr/impl/inject/methods/BaseMethod$MethodInfo;+67
j  org.apache.felix.scr.impl.inject.methods.BaseMethod.findMethod(Lorg/apache/felix/scr/impl/logger/ComponentLogger;)Lorg/apache/felix/scr/impl/inject/methods/BaseMethod$MethodInfo;+160
j  org.apache.felix.scr.impl.inject.methods.BaseMethod.access$400(Lorg/apache/felix/scr/impl/inject/methods/BaseMethod;Lorg/apache/felix/scr/impl/logger/ComponentLogger;)Lorg/apache/felix/scr/impl/inject/methods/BaseMethod$MethodInfo;+2
j  org.apache.felix.scr.impl.inject.methods.BaseMethod$NotResolved.resolve(Lorg/apache/felix/scr/impl/inject/methods/BaseMethod;Lorg/apache/felix/scr/impl/logger/ComponentLogger;)V+34
j  org.apache.felix.scr.impl.inject.methods.BaseMethod$NotResolved.methodExists(Lorg/apache/felix/scr/impl/inject/methods/BaseMethod;Lorg/apache/felix/scr/impl/logger/ComponentLogger;)Z+3
j  org.apache.felix.scr.impl.inject.methods.BaseMethod.methodExists(Lorg/apache/felix/scr/impl/logger/ComponentLogger;)Z+6
j  org.apache.felix.scr.impl.inject.methods.BindMethod.getServiceObject(Lorg/apache/felix/scr/impl/inject/BindParameters;Lorg/osgi/framework/BundleContext;)Z+24
j  org.apache.felix.scr.impl.manager.DependencyManager.getServiceObject(Lorg/apache/felix/scr/impl/manager/ComponentContextImpl;Lorg/apache/felix/scr/impl/inject/ReferenceMethod;Lorg/apache/felix/scr/impl/inject/RefPair;)Z+26
j  org.apache.felix.scr.impl.manager.DependencyManager$SingleDynamicCustomizer.prebind(Lorg/apache/felix/scr/impl/manager/ComponentContextImpl;)Z+151
j  org.apache.felix.scr.impl.manager.DependencyManager.prebind(Lorg/apache/felix/scr/impl/manager/ComponentContextImpl;)Z+5
j  org.apache.felix.scr.impl.manager.AbstractComponentManager.collectDependencies(Lorg/apache/felix/scr/impl/manager/ComponentContextImpl;)Z+36
j  org.apache.felix.scr.impl.manager.SingleComponentManager.getServiceInternal(Lorg/osgi/framework/ServiceRegistration;)Z+25
j  org.apache.felix.scr.impl.manager.AbstractComponentManager.activateInternal()V+438
j  org.apache.felix.scr.impl.manager.AbstractComponentManager.enableInternal()V+179
j  org.apache.felix.scr.impl.manager.AbstractComponentManager.enable(Z)Lorg/osgi/util/promise/Promise;+12
j  org.apache.felix.scr.impl.manager.ConfigurableComponentHolder.enableComponents(Z)Lorg/osgi/util/promise/Promise;+275
j  org.apache.felix.scr.impl.BundleComponentActivator.initialEnable()V+107
j  org.apache.felix.scr.impl.Activator.loadComponents(Lorg/osgi/framework/Bundle;)V+392
j  org.apache.felix.scr.impl.Activator.access$200(Lorg/apache/felix/scr/impl/Activator;Lorg/osgi/framework/Bundle;)V+2
j  org.apache.felix.scr.impl.Activator$ScrExtension.start()V+72
j  org.apache.felix.scr.impl.AbstractExtender.createExtension(Lorg/osgi/framework/Bundle;)V+71
j  org.apache.felix.scr.impl.AbstractExtender.modifiedBundle(Lorg/osgi/framework/Bundle;Lorg/osgi/framework/BundleEvent;Lorg/osgi/framework/Bundle;)V+115
j  org.apache.felix.scr.impl.AbstractExtender.addingBundle(Lorg/osgi/framework/Bundle;Lorg/osgi/framework/BundleEvent;)Lorg/osgi/framework/Bundle;+4
j  org.apache.felix.scr.impl.AbstractExtender.addingBundle(Lorg/osgi/framework/Bundle;Lorg/osgi/framework/BundleEvent;)Ljava/lang/Object;+3
j  org.osgi.util.tracker.BundleTracker$Tracked.customizerAdding(Lorg/osgi/framework/Bundle;Lorg/osgi/framework/BundleEvent;)Ljava/lang/Object;+9
j  org.osgi.util.tracker.BundleTracker$Tracked.customizerAdding(Ljava/lang/Object;Ljava/lang/Object;)Ljava/lang/Object;+9
j  org.osgi.util.tracker.AbstractTracked.trackAdding(Ljava/lang/Object;Ljava/lang/Object;)V+8
j  org.osgi.util.tracker.AbstractTracked.track(Ljava/lang/Object;Ljava/lang/Object;)V+83
j  org.osgi.util.tracker.BundleTracker$Tracked.bundleChanged(Lorg/osgi/framework/BundleEvent;)V+35
j  org.eclipse.osgi.internal.framework.BundleContextImpl.dispatchEvent(Ljava/lang/Object;Ljava/lang/Object;ILjava/lang/Object;)V+166
j  org.eclipse.osgi.framework.eventmgr.EventManager.dispatchEvent(Ljava/util/Set;Lorg/eclipse/osgi/framework/eventmgr/EventDispatcher;ILjava/lang/Object;)V+48
j  org.eclipse.osgi.framework.eventmgr.ListenerQueue.dispatchEventSynchronous(ILjava/lang/Object;)V+67
j  org.eclipse.osgi.internal.framework.EquinoxEventPublisher.publishBundleEventPrivileged(Lorg/osgi/framework/BundleEvent;)V+547
j  org.eclipse.osgi.internal.framework.EquinoxEventPublisher.publishBundleEvent(Lorg/osgi/framework/BundleEvent;)V+8
j  org.eclipse.osgi.internal.framework.EquinoxEventPublisher.publishBundleEvent(ILorg/osgi/framework/Bundle;Lorg/osgi/framework/Bundle;)V+15
j  org.eclipse.osgi.internal.framework.EquinoxContainerAdaptor.publishModuleEvent(Lorg/eclipse/osgi/container/ModuleContainerAdaptor$ModuleEvent;Lorg/eclipse/osgi/container/Module;Lorg/eclipse/osgi/container/Module;)V+29
j  org.eclipse.osgi.container.Module.publishEvent(Lorg/eclipse/osgi/container/ModuleContainerAdaptor$ModuleEvent;)V+13
j  org.eclipse.osgi.container.Module.start([Lorg/eclipse/osgi/container/Module$StartOptions;)V+588
j  org.eclipse.osgi.container.ModuleContainer$ContainerStartLevel$2.run()V+83
j  org.eclipse.osgi.internal.framework.EquinoxContainerAdaptor$1$1.execute(Ljava/lang/Runnable;)V+1
j  org.eclipse.osgi.container.ModuleContainer$ContainerStartLevel.incStartLevel(ILjava/util/List;Z)V+193
j  org.eclipse.osgi.container.ModuleContainer$ContainerStartLevel.incStartLevel(ILjava/util/List;Ljava/util/List;Ljava/util/List;Ljava/util/List;)V+4
j  org.eclipse.osgi.container.ModuleContainer$ContainerStartLevel.doContainerStartLevel(Lorg/eclipse/osgi/container/Module;I[Lorg/osgi/framework/FrameworkListener;)V+358
j  org.eclipse.osgi.container.ModuleContainer$ContainerStartLevel.dispatchEvent(Lorg/eclipse/osgi/container/Module;[Lorg/osgi/framework/FrameworkListener;ILjava/lang/Integer;)V+32
j  org.eclipse.osgi.container.ModuleContainer$ContainerStartLevel.dispatchEvent(Ljava/lang/Object;Ljava/lang/Object;ILjava/lang/Object;)V+15
j  org.eclipse.osgi.framework.eventmgr.EventManager.dispatchEvent(Ljava/util/Set;Lorg/eclipse/osgi/framework/eventmgr/EventDispatcher;ILjava/lang/Object;)V+48
j  org.eclipse.osgi.framework.eventmgr.EventManager$EventThread.run()V+26
v  ~StubRoutines::call_stub 0x000001f42c87100d
method entry point (kind = zerolocals)  [0x000001f42c87b740, 0x000001f42c87bb08]  968 bytes
[MachCode]
  0x000001f42c87b740: 488b 5308 | 0fb7 4a2e | 0fb7 522c | 2bd1 81fa | f501 0000 | 0f86 2500 | 0000 488b | c248 c1e0 
  0x000001f42c87b760: 0348 83c0 | 5849 0387 | c804 0000 | 483b e00f | 870a 0000 | 0058 498b | e550 e901 | afff ff58 
  0x000001f42c87b780: 4c8d 74cc | f885 d20f | 8e09 0000 | 0068 0000 | 0000 ffca | 7ff7 5055 | 488b ec41 | 5568 0000 
  0x000001f42c87b7a0: 0000 4c8b | 6b08 4d8d | 6d38 5348 | 8b53 0848 | 8b52 0848 | 8b52 1848 | 8b52 7048 | 8b12 5248 
  0x000001f42c87b7c0: 8b53 1048 | 85d2 0f84 | 0700 0000 | 4881 c208 | 0100 0052 | 488b 5308 | 488b 5208 | 488b 5210 
  0x000001f42c87b7e0: 5249 8bc6 | 482b c548 | c1e8 0350 | 4155 6800 | 0000 0048 | 8924 2441 | c687 7104 | 0000 0148 
  0x000001f42c87b800: 8b45 d848 | 85c0 0f84 | 9100 0000 | 8b48 fc85 | c90f 8886 | 0000 0048 | 03c1 488b | 4808 4883 
  0x000001f42c87b820: e902 488b | 54c8 1048 | f7da 498b | 14d6 4885 | d275 10f6 | 44c8 1801 | 755d f048 | 834c c818 
  0x000001f42c87b840: 01eb 548b | 5208 49ba | 0000 0039 | f401 0000 | 4903 d24c | 8bd2 4833 | 54c8 1848 | f7c2 fcff 
  0x000001f42c87b860: ffff 7433 | f6c2 0275 | 2e48 837c | c818 0074 | 2148 837c | c818 0174 | 1949 8bd2 | 4833 54c8 
  0x000001f42c87b880: 1848 f7c2 | fcff ffff | 740d 4883 | 4cc8 1802 | eb05 4889 | 54c8 1848 | 83e9 0279 | 8548 8b43 
  0x000001f42c87b8a0: 1048 85c0 | 7420 8b88 | cc00 0000 | 83c1 0289 | 88cc 0000 | 0023 88e0 | 0000 000f | 8496 0100 
  0x000001f42c87b8c0: 00e9 cf00 | 0000 488b | 4318 4885 | c00f 85b0 | 0000 00e8 | 0500 0000 | e999 0000 | 0048 8bd3 
  0x000001f42c87b8e0: 488d 4424 | 084c 896d | c049 8bcf | c5f8 7749 | 89af a803 | 0000 4989 | 8798 0300 | 0048 83ec 
  0x000001f42c87b900: 2040 f6c4 | 0f0f 8419 | 0000 0048 | 83ec 0848 | b8b0 7a01 | 78fa 7f00 | 00ff d048 | 83c4 08e9 
  0x000001f42c87b920: 0c00 0000 | 48b8 b07a | 0178 fa7f | 0000 ffd0 | 4883 c420 | 49c7 8798 | 0300 0000 | 0000 0049 
  0x000001f42c87b940: c787 a803 | 0000 0000 | 0000 49c7 | 87a0 0300 | 0000 0000 | 00c5 f877 | 4983 7f08 | 000f 8405 
  0x000001f42c87b960: 0000 00e9 | 9855 ffff | 4c8b 6dc0 | 4c8b 75c8 | 4e8d 74f5 | 00c3 488b | 4318 4885 | c00f 8412 
  0x000001f42c87b980: 0000 008b | 4808 83c1 | 0289 4808 | 2348 1c0f | 84c2 0000 | 0049 3ba7 | e004 0000 | 0f87 4800 
  0x000001f42c87b9a0: 0000 8984 | 2400 f0ff | ff89 8424 | 00e0 ffff | 8984 2400 | d0ff ff89 | 8424 00c0 | ffff 8984 
  0x000001f42c87b9c0: 2400 b0ff | ff89 8424 | 00a0 ffff | 8984 2400 | 90ff ff89 | 8424 0080 | ffff 493b | a7d8 0400 
  0x000001f42c87b9e0: 0076 0749 | 89a7 e004 | 0000 41c6 | 8771 0400 | 0000 49ba | 56cc 8d78 | fa7f 0000 | 4180 3a00 
  0x000001f42c87ba00: 0f84 3e00 | 0000 488b | 55e8 498b | cf48 83ec | 2040 f6c4 | 0f0f 8419 | 0000 0048 | 83ec 0848 
  0x000001f42c87ba20: b890 8d37 | 78fa 7f00 | 00ff d048 | 83c4 08e9 | 0c00 0000 | 48b8 908d | 3778 fa7f | 0000 ffd0 
  0x000001f42c87ba40: 4883 c420 | 410f b65d | 0049 ba30 | 9c90 78fa | 7f00 0041 | ff24 daba | 0000 0000 | e805 0000 
  0x000001f42c87ba60: 00e9 9600 | 0000 488d | 4424 084c | 896d c049 | 8bcf c5f8 | 7749 89af | a803 0000 | 4989 8798 
  0x000001f42c87ba80: 0300 0048 | 83ec 2040 | f6c4 0f0f | 8419 0000 | 0048 83ec | 0848 b870 | 8501 78fa | 7f00 00ff 
  0x000001f42c87baa0: d048 83c4 | 08e9 0c00 | 0000 48b8 | 7085 0178 | fa7f 0000 | ffd0 4883 | c420 49c7 | 8798 0300 
  0x000001f42c87bac0: 0000 0000 | 0049 c787 | a803 0000 | 0000 0000 | 49c7 87a0 | 0300 0000 | 0000 00c5 | f877 4983 
  0x000001f42c87bae0: 7f08 000f | 8405 0000 | 00e9 1254 | ffff 4c8b | 6dc0 4c8b | 75c8 4e8d | 74f5 00c3 | 488b 5de8 
  0x000001f42c87bb00: e990 feff | ff66 6690 
[/MachCode]

Compiled method (c1) 48446 1176       3       java.security.AccessController::executePrivileged (65 bytes)
 total in heap  [0x000001f425519f90,0x000001f42551a580] = 1520
 relocation     [0x000001f42551a0f0,0x000001f42551a158] = 104
 main code      [0x000001f42551a160,0x000001f42551a408] = 680
 stub code      [0x000001f42551a408,0x000001f42551a460] = 88
 metadata       [0x000001f42551a460,0x000001f42551a470] = 16
 scopes data    [0x000001f42551a470,0x000001f42551a4e8] = 120
 scopes pcs     [0x000001f42551a4e8,0x000001f42551a568] = 128
 dependencies   [0x000001f42551a568,0x000001f42551a570] = 8
 nul chk table  [0x000001f42551a570,0x000001f42551a580] = 16

[Constant Pool (empty)]

[MachCode]
[Verified Entry Point]
  # {method} {0x000001f439472be8} 'executePrivileged' '(Ljava/security/PrivilegedExceptionAction;Ljava/security/AccessControlContext;Ljava/lang/Class;)Ljava/lang/Object;' in 'java/security/AccessController'
  # parm0:    rdx:rdx   = 'java/security/PrivilegedExceptionAction'
  # parm1:    r8:r8     = 'java/security/AccessControlContext'
  # parm2:    r9:r9     = 'java/lang/Class'
  #           [sp+0x50]  (sp of caller)
  0x000001f42551a160: 8984 2400 | 80ff ff55 | 4883 ec40 | 4181 7f20 | 0100 0000 

  0x000001f42551a174: ;   {runtime_call StubRoutines (final stubs)}
  0x000001f42551a174: 7405 e865 | e838 074c | 8944 2430 

  0x000001f42551a180: ;   {metadata(method data for {method} {0x000001f439472be8} 'executePrivileged' '(Ljava/security/PrivilegedExceptionAction;Ljava/security/AccessControlContext;Ljava/lang/Class;)Ljava/lang/Object;' in 'java/security/AccessController')}
  0x000001f42551a180: 48be f07c | 3100 f401 | 0000 8bbe | cc00 0000 | 83c7 0289 | becc 0000 | 0081 e7fe | 0700 0085 
  0x000001f42551a1a0: ff0f 84bf | 0100 004d 

  0x000001f42551a1a8: ;   {metadata(method data for {method} {0x000001f439472be8} 'executePrivileged' '(Ljava/security/PrivilegedExceptionAction;Ljava/security/AccessControlContext;Ljava/lang/Class;)Ljava/lang/Object;' in 'java/security/AccessController')}
  0x000001f42551a1a8: 85c0 48be | f07c 3100 | f401 0000 | 48c7 c710 | 0100 0074 | 0748 c7c7 | 2001 0000 | 488b 1c3e 
  0x000001f42551a1c8: 488d 5b01 | 4889 1c3e | 4c89 4c24 | 2848 8954 | 2420 0f84 | 2400 0000 

  0x000001f42551a1e0: ;   {metadata(method data for {method} {0x000001f439472be8} 'executePrivileged' '(Ljava/security/PrivilegedExceptionAction;Ljava/security/AccessControlContext;Ljava/lang/Class;)Ljava/lang/Object;' in 'java/security/AccessController')}
  0x000001f42551a1e0: 48be f07c | 3100 f401 | 0000 4883 | 8630 0100 | 0001 498b 

  0x000001f42551a1f4: ;   {static_call}
  0x000001f42551a1f4: d066 90e8 

  0x000001f42551a1f8: ; ImmutableOopMap {[32]=Oop [40]=Oop [48]=Oop }
                      ;*invokestatic ensureMaterializedForStackWalk {reexecute=0 rethrow=0 return_oop=0}
                      ; - java.security.AccessController::executePrivileged@5
  0x000001f42551a1f8: e4de 9607 

  0x000001f42551a1fc: ;   {other}
  0x000001f42551a1fc: 0f1f 8400 | 6c02 0000 

  0x000001f42551a204: ;   {metadata(method data for {method} {0x000001f439472be8} 'executePrivileged' '(Ljava/security/PrivilegedExceptionAction;Ljava/security/AccessControlContext;Ljava/lang/Class;)Ljava/lang/Object;' in 'java/security/AccessController')}
  0x000001f42551a204: 48ba f07c | 3100 f401 | 0000 ff82 | 4001 0000 | 488b 5424 | 2048 3b02 

  0x000001f42551a21c: ;   {metadata(method data for {method} {0x000001f439472be8} 'executePrivileged' '(Ljava/security/PrivilegedExceptionAction;Ljava/security/AccessControlContext;Ljava/lang/Class;)Ljava/lang/Object;' in 'java/security/AccessController')}
  0x000001f42551a21c: 488b f248 | bff0 7c31 | 00f4 0100 | 008b 7608 | 49ba 0000 | 0039 f401 | 0000 4903 | f248 3bb7 
  0x000001f42551a23c: b001 0000 | 750d 4883 | 87b8 0100 | 0001 e960 | 0000 0048 | 3bb7 c001 | 0000 750d | 4883 87c8 
  0x000001f42551a25c: 0100 0001 | e94a 0000 | 0048 83bf | b001 0000 | 0075 1748 | 89b7 b001 | 0000 48c7 | 87b8 0100 
  0x000001f42551a27c: 0001 0000 | 00e9 2900 | 0000 4883 | bfc0 0100 | 0000 7517 | 4889 b7c0 | 0100 0048 | c787 c801 
  0x000001f42551a29c: 0000 0100 | 0000 e908 | 0000 0048 | 8387 a001 | 0000 0166 | 0f1f 4400 | 0048 b870 | 2b4f 04f4 
  0x000001f42551a2bc: ;   {virtual_call}
  0x000001f42551a2bc: 0100 00e8 

  0x000001f42551a2c0: ; ImmutableOopMap {[40]=Oop [48]=Oop }
                      ;*invokeinterface run {reexecute=0 rethrow=0 return_oop=0}
                      ; - java.security.AccessController::executePrivileged@29
  0x000001f42551a2c0: 4cfa 4507 

  0x000001f42551a2c4: ;   {other}
  0x000001f42551a2c4: 0f1f 8400 | 3403 0001 

  0x000001f42551a2cc: ;   {metadata(method data for {method} {0x000001f439472be8} 'executePrivileged' '(Ljava/security/PrivilegedExceptionAction;Ljava/security/AccessControlContext;Ljava/lang/Class;)Ljava/lang/Object;' in 'java/security/AccessController')}
  0x000001f42551a2cc: 48be f07c | 3100 f401 | 0000 ff86 | d801 0000 | 4c8b 4c24 

  0x000001f42551a2e0: ;   {metadata(method data for {method} {0x000001f439472be8} 'executePrivileged' '(Ljava/security/PrivilegedExceptionAction;Ljava/security/AccessControlContext;Ljava/lang/Class;)Ljava/lang/Object;' in 'java/security/AccessController')}
  0x000001f42551a2e0: 2848 bef0 | 7c31 00f4 | 0100 0048 | 8386 3802 

  0x000001f42551a2f0: ;   {metadata(method data for {method} {0x000001f43903da90} 'reachabilityFence' '(Ljava/lang/Object;)V' in 'java/lang/ref/Reference')}
  0x000001f42551a2f0: 0000 0148 | be10 f905 | 00f4 0100 | 008b becc | 0000 0083 | c702 89be | cc00 0000 | 81e7 feff 
  0x000001f42551a310: 1f00 85ff | 0f84 7200 

  0x000001f42551a318: ;   {metadata(method data for {method} {0x000001f439472be8} 'executePrivileged' '(Ljava/security/PrivilegedExceptionAction;Ljava/security/AccessControlContext;Ljava/lang/Class;)Ljava/lang/Object;' in 'java/security/AccessController')}
  0x000001f42551a318: 0000 48be | f07c 3100 | f401 0000 | 4883 8648 | 0200 0001 

  0x000001f42551a32c: ;   {metadata(method data for {method} {0x000001f43903da90} 'reachabilityFence' '(Ljava/lang/Object;)V' in 'java/lang/ref/Reference')}
  0x000001f42551a32c: 48be 10f9 | 0500 f401 | 0000 8bbe | cc00 0000 | 83c7 0289 | becc 0000 | 0081 e7fe | ff1f 0085 
  0x000001f42551a34c: ff0f 845a | 0000 0048 | 83c4 405d 

  0x000001f42551a358: ;   {poll_return}
  0x000001f42551a358: 493b a748 | 0400 000f | 8766 0000 

  0x000001f42551a364: ;   {metadata({method} {0x000001f439472be8} 'executePrivileged' '(Ljava/security/PrivilegedExceptionAction;Ljava/security/AccessControlContext;Ljava/lang/Class;)Ljava/lang/Object;' in 'java/security/AccessController')}
  0x000001f42551a364: 00c3 49ba | e02b 4739 | f401 0000 | 4c89 5424 | 0848 c704 | 24ff ffff 

  0x000001f42551a37c: ;   {runtime_call counter_overflow Runtime1 stub}
  0x000001f42551a37c: ffe8 feb8 

  0x000001f42551a380: ; ImmutableOopMap {rdx=Oop r8=Oop r9=Oop [48]=Oop }
                      ;*synchronization entry
                      ; - java.security.AccessController::executePrivileged@-1
  0x000001f42551a380: 4507 e920 

  0x000001f42551a384: ;   {runtime_call throw_null_pointer_exception Runtime1 stub}
  0x000001f42551a384: feff ffe8 

  0x000001f42551a388: ; ImmutableOopMap {rdx=Oop [40]=Oop [48]=Oop }
                      ;*invokeinterface run {reexecute=0 rethrow=0 return_oop=0}
                      ; - java.security.AccessController::executePrivileged@29
  0x000001f42551a388: 747c 3c07 

  0x000001f42551a38c: ;   {metadata({method} {0x000001f43903da90} 'reachabilityFence' '(Ljava/lang/Object;)V' in 'java/lang/ref/Reference')}
  0x000001f42551a38c: 49ba 88da | 0339 f401 | 0000 4c89 | 5424 0848 | c704 24ff 

  0x000001f42551a3a0: ;   {runtime_call counter_overflow Runtime1 stub}
  0x000001f42551a3a0: ffff ffe8 

  0x000001f42551a3a4: ; ImmutableOopMap {rax=Oop r9=Oop }
                      ;*synchronization entry
                      ; - java.lang.ref.Reference::reachabilityFence@-1
                      ; - java.security.AccessController::executePrivileged@56
  0x000001f42551a3a4: d8b8 4507 | e96d ffff 

  0x000001f42551a3ac: ;   {metadata({method} {0x000001f43903da90} 'reachabilityFence' '(Ljava/lang/Object;)V' in 'java/lang/ref/Reference')}
  0x000001f42551a3ac: ff49 ba88 | da03 39f4 | 0100 004c | 8954 2408 | 48c7 0424 | ffff ffff 

  0x000001f42551a3c4: ;   {runtime_call counter_overflow Runtime1 stub}
  0x000001f42551a3c4: e8b7 b845 

  0x000001f42551a3c8: ; ImmutableOopMap {rax=Oop }
                      ;*synchronization entry
                      ; - java.lang.ref.Reference::reachabilityFence@-1
                      ; - java.security.AccessController::executePrivileged@60
                      ;   {internal_word}
  0x000001f42551a3c8: 07eb 8849 | ba58 a351 | 25f4 0100 | 004d 8997 | 6004 0000 

  0x000001f42551a3dc: ;   {runtime_call SafepointBlob}
  0x000001f42551a3dc: e91f a73a | 0749 8b87 | f804 0000 | 49c7 87f8 | 0400 0000 | 0000 0049 | c787 0005 | 0000 0000 
  0x000001f42551a3fc: 0000 4883 

  0x000001f42551a400: ;   {runtime_call unwind_exception Runtime1 stub}
  0x000001f42551a400: c440 5de9 | f88a 3c07 
[Stub Code]
  0x000001f42551a408: ;   {no_reloc}
  0x000001f42551a408: 0f1f 4400 

  0x000001f42551a40c: ;   {static_stub}
  0x000001f42551a40c: 0048 bb00 | 0000 0000 

  0x000001f42551a414: ;   {runtime_call nmethod}
  0x000001f42551a414: 0000 00e9 | fbff ffff 

  0x000001f42551a41c: ;   {static_stub}
  0x000001f42551a41c: 48bb 602a | 4739 f401 

  0x000001f42551a424: ;   {runtime_call I2C/C2I adapters}
  0x000001f42551a424: 0000 e9b8 

  0x000001f42551a428: ;   {runtime_call handle_exception_from_callee Runtime1 stub}
  0x000001f42551a428: 373a 07e8 | d05d 3c07 

  0x000001f42551a430: ;   {external_word}
  0x000001f42551a430: 48b9 90e2 | 6378 fa7f | 0000 4883 

  0x000001f42551a43c: ;   {runtime_call}
  0x000001f42551a43c: e4f0 48b8 | 1079 2678 | fa7f 0000 

  0x000001f42551a448: ;   {section_word}
  0x000001f42551a448: ffd0 f449 | ba4b a451 | 25f4 0100 

  0x000001f42551a454: ;   {runtime_call DeoptimizationBlob}
  0x000001f42551a454: 0041 52e9 | 4499 3a07 | f4f4 f4f4 
[/MachCode]


Compiled method (c1) 48471 1859   !   3       org.eclipse.osgi.internal.loader.BundleLoader::findClass0 (491 bytes)
 total in heap  [0x000001f425688b10,0x000001f42568f3b0] = 26784
 relocation     [0x000001f425688c70,0x000001f4256893a0] = 1840
 main code      [0x000001f4256893a0,0x000001f42568d8e0] = 17728
 stub code      [0x000001f42568d8e0,0x000001f42568dc18] = 824
 oops           [0x000001f42568dc18,0x000001f42568dc58] = 64
 metadata       [0x000001f42568dc58,0x000001f42568dd60] = 264
 scopes data    [0x000001f42568dd60,0x000001f42568e750] = 2544
 scopes pcs     [0x000001f42568e750,0x000001f42568f140] = 2544
 dependencies   [0x000001f42568f140,0x000001f42568f198] = 88
 handler table  [0x000001f42568f198,0x000001f42568f2b8] = 288
 nul chk table  [0x000001f42568f2b8,0x000001f42568f3b0] = 248

[Constant Pool (empty)]

[MachCode]
[Entry Point]
  # {method} {0x000001f400588a20} 'findClass0' '(Ljava/lang/String;ZZ)Ljava/lang/Class;' in 'org/eclipse/osgi/internal/loader/BundleLoader'
  # this:     rdx:rdx   = 'org/eclipse/osgi/internal/loader/BundleLoader'
  # parm0:    r8:r8     = 'java/lang/String'
  # parm1:    r9        = boolean
  # parm2:    rdi       = boolean
  #           [sp+0x170]  (sp of caller)
  0x000001f4256893a0: 448b 5208 | 49bb 0000 | 0039 f401 | 0000 4d03 | d34c 3bd0 

  0x000001f4256893b4: ;   {runtime_call ic_miss_stub}
  0x000001f4256893b4: 0f85 c650 | 2307 660f | 1f44 0000 
[Verified Entry Point]
  0x000001f4256893c0: 8984 2400 | 80ff ff55 | 4881 ec60 | 0100 0090 | 4181 7f20 | 0100 0000 

  0x000001f4256893d8: ;   {runtime_call StubRoutines (final stubs)}
  0x000001f4256893d8: 7405 e801 | f621 0748 | 8994 24a0 | 0000 004c | 8984 24a8 | 0000 0044 | 898c 24b0 

  0x000001f4256893f4: ;   {metadata(method data for {method} {0x000001f400588a20} 'findClass0' '(Ljava/lang/String;ZZ)Ljava/lang/Class;' in 'org/eclipse/osgi/internal/loader/BundleLoader')}
  0x000001f4256893f4: 0000 0048 | be60 4b91 | 00f4 0100 | 008b 9ecc | 0000 0083 | c302 899e | cc00 0000 | 81e3 fe07 
  0x000001f425689414: 0000 85db | 0f84 dc3a | 0000 4585 

  0x000001f425689420: ;   {metadata(method data for {method} {0x000001f400588a20} 'findClass0' '(Ljava/lang/String;ZZ)Ljava/lang/Class;' in 'org/eclipse/osgi/internal/loader/BundleLoader')}
  0x000001f425689420: c948 be60 | 4b91 00f4 | 0100 0048 | c7c3 2001 | 0000 7507 | 48c7 c310 | 0100 0048 | 8b04 1e48 
  0x000001f425689440: 8d40 0148 | 8904 1e0f | 850c 0000 | 0089 bc24 | b400 0000 | e9ec 0000 | 008b 7248 

  0x000001f42568945c: ;   {metadata(method data for {method} {0x000001f400588a20} 'findClass0' '(Ljava/lang/String;ZZ)Ljava/lang/Class;' in 'org/eclipse/osgi/internal/loader/BundleLoader')}
  0x000001f42568945c: 4885 f648 | be60 4b91 | 00f4 0100 | 0048 c7c3 | 3001 0000 | 7407 48c7 | c340 0100 | 0048 8b04 
  0x000001f42568947c: 1e48 8d40 | 0148 8904 | 1e89 bc24 | b400 0000 | 0f84 b300 | 0000 493b | 0049 8bf0 

  0x000001f425689498: ;   {metadata(method data for {method} {0x000001f400588a20} 'findClass0' '(Ljava/lang/String;ZZ)Ljava/lang/Class;' in 'org/eclipse/osgi/internal/loader/BundleLoader')}
  0x000001f425689498: 48bb 604b | 9100 f401 | 0000 4883 | 8350 0100 

  0x000001f4256894a8: ;   {metadata(method data for {method} {0x000001f439455c38} 'startsWith' '(Ljava/lang/String;)Z' in 'java/lang/String')}
  0x000001f4256894a8: 0001 48be | f080 0800 | f401 0000 | 8b9e cc00 | 0000 83c3 | 0289 9ecc | 0000 0081 | e3fe ff1f 
  0x000001f4256894c8: 0085 db0f | 844f 3a00 | 0049 8bf0 

  0x000001f4256894d4: ;   {metadata(method data for {method} {0x000001f439455c38} 'startsWith' '(Ljava/lang/String;)Z' in 'java/lang/String')}
  0x000001f4256894d4: 48bb f080 | 0800 f401 | 0000 4883 | 8310 0100 | 0001 498b 

  0x000001f4256894e8: ;   {oop("java."{0x0000000080005e58})}
  0x000001f4256894e8: f049 b858 | 5e00 8000 | 0000 0041 | b900 0000 | 0048 8bd6 

  0x000001f4256894fc: ;   {optimized virtual_call}
  0x000001f4256894fc: 6666 90e8 

  0x000001f425689500: ; ImmutableOopMap {[160]=Oop [168]=Oop }
                      ;*invokevirtual startsWith {reexecute=0 rethrow=0 return_oop=0}
                      ; - java.lang.String::startsWith@3
                      ; - org.eclipse.osgi.internal.loader.BundleLoader::findClass0@14 (line 465)
  0x000001f425689500: dc30 7f07 

  0x000001f425689504: ;   {other}
  0x000001f425689504: 0f1f 8400 | f409 0000 | 83e0 0185 

  0x000001f425689510: ;   {metadata(method data for {method} {0x000001f400588a20} 'findClass0' '(Ljava/lang/String;ZZ)Ljava/lang/Class;' in 'org/eclipse/osgi/internal/loader/BundleLoader')}
  0x000001f425689510: c048 ba60 | 4b91 00f4 | 0100 0048 | c7c6 9801 | 0000 7507 | 48c7 c688 | 0100 0048 | 8b3c 3248 
  0x000001f425689530: 8d7f 0148 | 893c 3248 | 8b94 24a0 | 0000 000f | 8509 3700 | 008b 5a18 | 4889 9c24 | c000 0000 
  0x000001f425689550: ; implicit exception: dispatches to 0x000001f42568cf41
  0x000001f425689550: 0fbe 730e 

  0x000001f425689554: ;   {metadata(method data for {method} {0x000001f400588a20} 'findClass0' '(Ljava/lang/String;ZZ)Ljava/lang/Class;' in 'org/eclipse/osgi/internal/loader/BundleLoader')}
  0x000001f425689554: 85f6 48be | 604b 9100 | f401 0000 | 48c7 c7e0 | 0100 0074 | 0748 c7c7 | f001 0000 | 488b 043e 
  0x000001f425689574: 488d 4001 | 4889 043e | 0f84 f208 | 0000 660f | 1f44 0000 

  0x000001f425689588: ;   {no_reloc}
  0x000001f425689588: e9c8 3900 | 0000 0000 | 0000 498b | 87b8 0100 | 0048 8d78 | 1849 3bbf | c801 0000 | 0f87 b539 
  0x000001f4256895a8: 0000 4989 | bfb8 0100 | 0048 c700 | 0100 0000 | 488b ca49 | ba00 0000 | 39f4 0100 | 0049 2bca 
  0x000001f4256895c8: 8948 0848 | 33c9 8948 | 0c48 33c9 | 4889 4810 | 4889 8424 | b800 0000 

  0x000001f4256895e0: ;   {metadata(method data for {method} {0x000001f400588a20} 'findClass0' '(Ljava/lang/String;ZZ)Ljava/lang/Class;' in 'org/eclipse/osgi/internal/loader/BundleLoader')}
  0x000001f4256895e0: 4c8b c048 | ba60 4b91 | 00f4 0100 | 0048 8382 | 0002 0000 

  0x000001f4256895f4: ;   {metadata(method data for {method} {0x000001f439463b60} '<init>' '(Ljava/lang/String;)V' in 'java/lang/StringBuilder')}
  0x000001f4256895f4: 0149 b8a0 | 1630 00f4 | 0100 0041 | 8b90 cc00 | 0000 83c2 | 0241 8990 | cc00 0000 | 81e2 feff 
  0x000001f425689614: 1f00 85d2 | 0f84 4e39 | 0000 4c8b 

  0x000001f425689620: ;   {metadata(method data for {method} {0x000001f439463b60} '<init>' '(Ljava/lang/String;)V' in 'java/lang/StringBuilder')}
  0x000001f425689620: c048 baa0 | 1630 00f4 | 0100 0048 | 8382 1001 

  0x000001f425689630: ;   {oop("BundleLoader["{0x00000000d5692388})}
  0x000001f425689630: 0000 0149 | b888 2369 | d500 0000 | 0048 8bd0 | 0f1f 8000 

  0x000001f425689644: ;   {optimized virtual_call}
  0x000001f425689644: 0000 00e8 

  0x000001f425689648: ; ImmutableOopMap {[160]=Oop [168]=Oop [184]=Oop [192]=Oop }
                      ;*invokespecial <init> {reexecute=0 rethrow=0 return_oop=0}
                      ; - java.lang.StringBuilder::<init>@2
                      ; - org.eclipse.osgi.internal.loader.BundleLoader::findClass0@53 (line 473)
  0x000001f425689648: 3451 2307 

  0x000001f42568964c: ;   {other}
  0x000001f42568964c: 0f1f 8400 | 3c0b 0001 | 488b 8424 | b800 0000 

  0x000001f42568965c: ;   {metadata(method data for {method} {0x000001f400588a20} 'findClass0' '(Ljava/lang/String;ZZ)Ljava/lang/Class;' in 'org/eclipse/osgi/internal/loader/BundleLoader')}
  0x000001f42568965c: 48ba 604b | 9100 f401 | 0000 4883 | 8210 0200 

  0x000001f42568966c: ;   {metadata(method data for {method} {0x000001f4394638f8} 'append' '(Ljava/lang/Object;)Ljava/lang/StringBuilder;' in 'java/lang/StringBuilder')}
  0x000001f42568966c: 0001 48ba | b831 0a00 | f401 0000 | 8bb2 cc00 | 0000 83c6 | 0289 b2cc | 0000 0081 | e6fe ff1f 
  0x000001f42568968c: 0085 f60f | 84f8 3800 

  0x000001f425689694: ;   {metadata(method data for {method} {0x000001f4394638f8} 'append' '(Ljava/lang/Object;)Ljava/lang/StringBuilder;' in 'java/lang/StringBuilder')}
  0x000001f425689694: 0048 bab8 | 310a 00f4 | 0100 0048 | 8382 1001 

  0x000001f4256896a4: ;   {metadata(method data for {method} {0x000001f439457080} 'valueOf' '(Ljava/lang/Object;)Ljava/lang/String;' in 'java/lang/String')}
  0x000001f4256896a4: 0000 0148 | ba58 330a | 00f4 0100 | 008b b2cc | 0000 0083 | c602 89b2 | cc00 0000 | 81e6 feff 
  0x000001f4256896c4: 1f00 85f6 | 0f84 e038 

  0x000001f4256896cc: ;   {metadata(method data for {method} {0x000001f439457080} 'valueOf' '(Ljava/lang/Object;)Ljava/lang/String;' in 'java/lang/String')}
  0x000001f4256896cc: 0000 48ba | 5833 0a00 | f401 0000 | ff82 1001 | 0000 488b | 9424 a000 

  0x000001f4256896e4: ;   {metadata(method data for {method} {0x000001f439457080} 'valueOf' '(Ljava/lang/Object;)Ljava/lang/String;' in 'java/lang/String')}
  0x000001f4256896e4: 0000 48be | 5833 0a00 | f401 0000 | 8b52 0849 | ba00 0000 | 39f4 0100 | 0049 03d2 | 483b 9658 
  0x000001f425689704: 0100 0075 | 0d48 8386 | 6001 0000 | 01e9 6000 | 0000 483b | 9668 0100 | 0075 0d48 | 8386 7001 
  0x000001f425689724: 0000 01e9 | 4a00 0000 | 4883 be58 | 0100 0000 | 7517 4889 | 9658 0100 | 0048 c786 | 6001 0000 
  0x000001f425689744: 0100 0000 | e929 0000 | 0048 83be | 6801 0000 | 0075 1748 | 8996 6801 | 0000 48c7 | 8670 0100 
  0x000001f425689764: 0001 0000 | 00e9 0800 | 0000 4883 | 8648 0100 | 0001 488b | 9424 a000 

  0x000001f42568977c: ;   {optimized virtual_call}
  0x000001f42568977c: 0000 90e8 

  0x000001f425689780: ; ImmutableOopMap {[160]=Oop [168]=Oop [184]=Oop [192]=Oop }
                      ;*invokevirtual toString {reexecute=0 rethrow=0 return_oop=0}
                      ; - java.lang.String::valueOf@11
                      ; - java.lang.StringBuilder::append@2
                      ; - org.eclipse.osgi.internal.loader.BundleLoader::findClass0@57 (line 473)
  0x000001f425689780: fc4f 2307 

  0x000001f425689784: ;   {other}
  0x000001f425689784: 0f1f 8400 | 740c 0002 | 4c8b 8424 | b800 0000 

  0x000001f425689794: ;   {metadata(method data for {method} {0x000001f4394638f8} 'append' '(Ljava/lang/Object;)Ljava/lang/StringBuilder;' in 'java/lang/StringBuilder')}
  0x000001f425689794: 48ba b831 | 0a00 f401 | 0000 4883 | 8220 0100 

  0x000001f4256897a4: ;   {metadata(method data for {method} {0x000001f4394638a0} 'append' '(Ljava/lang/String;)Ljava/lang/StringBuilder;' in 'java/lang/StringBuilder')}
  0x000001f4256897a4: 0001 49b8 | d0b1 0000 | f401 0000 | 418b 90cc | 0000 0083 | c202 4189 | 90cc 0000 | 0081 e2fe 
  0x000001f4256897c4: ff1f 0085 | d20f 8400 | 3800 004c | 8b84 24b8 

  0x000001f4256897d4: ;   {metadata(method data for {method} {0x000001f4394638a0} 'append' '(Ljava/lang/String;)Ljava/lang/StringBuilder;' in 'java/lang/StringBuilder')}
  0x000001f4256897d4: 0000 0048 | bad0 b100 | 00f4 0100 | 0048 8382 | 1001 0000 | 014c 8bc0 | 488b 9424 | b800 0000 
  0x000001f4256897f4: ;   {optimized virtual_call}
  0x000001f4256897f4: 6666 90e8 

  0x000001f4256897f8: ; ImmutableOopMap {[160]=Oop [168]=Oop [184]=Oop [192]=Oop }
                      ;*invokespecial append {reexecute=0 rethrow=0 return_oop=0}
                      ; - java.lang.StringBuilder::append@2
                      ; - java.lang.StringBuilder::append@5
                      ; - org.eclipse.osgi.internal.loader.BundleLoader::findClass0@57 (line 473)
  0x000001f4256897f8: 844f 2307 

  0x000001f4256897fc: ;   {other}
  0x000001f4256897fc: 0f1f 8400 | ec0c 0003 | 488b 8424 | b800 0000 

  0x000001f42568980c: ;   {metadata(method data for {method} {0x000001f400588a20} 'findClass0' '(Ljava/lang/String;ZZ)Ljava/lang/Class;' in 'org/eclipse/osgi/internal/loader/BundleLoader')}
  0x000001f42568980c: 4c8b c048 | ba60 4b91 | 00f4 0100 | 0048 8382 | 4802 0000 

  0x000001f425689820: ;   {metadata(method data for {method} {0x000001f4394638a0} 'append' '(Ljava/lang/String;)Ljava/lang/StringBuilder;' in 'java/lang/StringBuilder')}
  0x000001f425689820: 0149 b8d0 | b100 00f4 | 0100 0041 | 8b90 cc00 | 0000 83c2 | 0241 8990 | cc00 0000 | 81e2 feff 
  0x000001f425689840: 1f00 85d2 | 0f84 a637 | 0000 4c8b 

  0x000001f42568984c: ;   {metadata(method data for {method} {0x000001f4394638a0} 'append' '(Ljava/lang/String;)Ljava/lang/StringBuilder;' in 'java/lang/StringBuilder')}
  0x000001f42568984c: c048 bad0 | b100 00f4 | 0100 0048 | 8382 1001 

  0x000001f42568985c: ;   {oop("].findClass("{0x00000000d5692588})}
  0x000001f42568985c: 0000 0149 | b888 2569 | d500 0000 | 0048 8bd0 

  0x000001f42568986c: ;   {optimized virtual_call}
  0x000001f42568986c: 6666 90e8 

  0x000001f425689870: ; ImmutableOopMap {[160]=Oop [168]=Oop [184]=Oop [192]=Oop }
                      ;*invokespecial append {reexecute=0 rethrow=0 return_oop=0}
                      ; - java.lang.StringBuilder::append@2
                      ; - org.eclipse.osgi.internal.loader.BundleLoader::findClass0@63 (line 473)
  0x000001f425689870: 0c4f 2307 

  0x000001f425689874: ;   {other}
  0x000001f425689874: 0f1f 8400 | 640d 0004 | 488b 8424 | b800 0000 

  0x000001f425689884: ;   {metadata(method data for {method} {0x000001f400588a20} 'findClass0' '(Ljava/lang/String;ZZ)Ljava/lang/Class;' in 'org/eclipse/osgi/internal/loader/BundleLoader')}
  0x000001f425689884: 49b8 604b | 9100 f401 | 0000 4983 | 8080 0200 

  0x000001f425689894: ;   {metadata(method data for {method} {0x000001f4394638a0} 'append' '(Ljava/lang/String;)Ljava/lang/StringBuilder;' in 'java/lang/StringBuilder')}
  0x000001f425689894: 0001 49b8 | d0b1 0000 | f401 0000 | 418b 90cc | 0000 0083 | c202 4189 | 90cc 0000 | 0081 e2fe 
  0x000001f4256898b4: ff1f 0085 | d20f 8452 | 3700 0048 | 8b84 24b8 

  0x000001f4256898c4: ;   {metadata(method data for {method} {0x000001f4394638a0} 'append' '(Ljava/lang/String;)Ljava/lang/StringBuilder;' in 'java/lang/StringBuilder')}
  0x000001f4256898c4: 0000 0049 | b8d0 b100 | 00f4 0100 | 0049 8380 | 1001 0000 | 014c 8b84 | 24a8 0000 | 0048 8b94 
  0x000001f4256898e4: 24b8 0000 | 0066 0f1f 

  0x000001f4256898ec: ;   {optimized virtual_call}
  0x000001f4256898ec: 4400 00e8 

  0x000001f4256898f0: ; ImmutableOopMap {[160]=Oop [168]=Oop [184]=Oop [192]=Oop }
                      ;*invokespecial append {reexecute=0 rethrow=0 return_oop=0}
                      ; - java.lang.StringBuilder::append@2
                      ; - org.eclipse.osgi.internal.loader.BundleLoader::findClass0@67 (line 473)
  0x000001f4256898f0: 8c4e 2307 

  0x000001f4256898f4: ;   {other}
  0x000001f4256898f4: 0f1f 8400 | e40d 0005 | 488b 8424 | b800 0000 

  0x000001f425689904: ;   {metadata(method data for {method} {0x000001f400588a20} 'findClass0' '(Ljava/lang/String;ZZ)Ljava/lang/Class;' in 'org/eclipse/osgi/internal/loader/BundleLoader')}
  0x000001f425689904: 49b8 604b | 9100 f401 | 0000 4983 | 80b8 0200 

  0x000001f425689914: ;   {metadata(method data for {method} {0x000001f4394638a0} 'append' '(Ljava/lang/String;)Ljava/lang/StringBuilder;' in 'java/lang/StringBuilder')}
  0x000001f425689914: 0001 49b8 | d0b1 0000 | f401 0000 | 418b 90cc | 0000 0083 | c202 4189 | 90cc 0000 | 0081 e2fe 
  0x000001f425689934: ff1f 0085 | d20f 84f3 | 3600 0048 | 8b84 24b8 

  0x000001f425689944: ;   {metadata(method data for {method} {0x000001f4394638a0} 'append' '(Ljava/lang/String;)Ljava/lang/StringBuilder;' in 'java/lang/StringBuilder')}
  0x000001f425689944: 0000 0049 | b8d0 b100 | 00f4 0100 | 0049 8380 | 1001 0000 

  0x000001f425689958: ;   {oop(")"{0x0000000080000818})}
  0x000001f425689958: 0149 b818 | 0800 8000 | 0000 0048 | 8b94 24b8 | 0000 000f 

  0x000001f42568996c: ;   {optimized virtual_call}
  0x000001f42568996c: 1f40 00e8 

  0x000001f425689970: ; ImmutableOopMap {[160]=Oop [168]=Oop [184]=Oop [192]=Oop }
                      ;*invokespecial append {reexecute=0 rethrow=0 return_oop=0}
                      ; - java.lang.StringBuilder::append@2
                      ; - org.eclipse.osgi.internal.loader.BundleLoader::findClass0@73 (line 473)
  0x000001f425689970: 0c4e 2307 

  0x000001f425689974: ;   {other}
  0x000001f425689974: 0f1f 8400 | 640e 0006 | 488b 8424 | b800 0000 

  0x000001f425689984: ;   {metadata(method data for {method} {0x000001f400588a20} 'findClass0' '(Ljava/lang/String;ZZ)Ljava/lang/Class;' in 'org/eclipse/osgi/internal/loader/BundleLoader')}
  0x000001f425689984: 48ba 604b | 9100 f401 | 0000 4883 | 82f0 0200 

  0x000001f425689994: ;   {metadata(method data for {method} {0x000001f439008b50} 'toString' '()Ljava/lang/String;' in 'java/lang/StringBuilder')}
  0x000001f425689994: 0001 48ba | 28b9 0000 | f401 0000 | 8bb2 cc00 | 0000 83c6 | 0289 b2cc | 0000 0081 | e6fe ff1f 
  0x000001f4256899b4: 0085 f60f | 8496 3600 

  0x000001f4256899bc: ;   {metadata('java/lang/String')}
  0x000001f4256899bc: 0048 ba70 | ea00 39f4 | 0100 0049 | 8b87 b801 | 0000 488d | 7818 493b | bfc8 0100 | 000f 8795 
  0x000001f4256899dc: 3600 0049 | 89bf b801 | 0000 48c7 | 0001 0000 | 0048 8bca | 49ba 0000 | 0039 f401 | 0000 492b 
  0x000001f4256899fc: ca89 4808 | 4833 c989 | 480c 4833 | c948 8948 | 104c 8bc0 

  0x000001f425689a10: ;   {metadata(method data for {method} {0x000001f439008b50} 'toString' '()Ljava/lang/String;' in 'java/lang/StringBuilder')}
  0x000001f425689a10: 49b9 28b9 | 0000 f401 | 0000 4983 | 8110 0100 

  0x000001f425689a20: ;   {metadata(method data for {method} {0x000001f439457bd8} '<init>' '(Ljava/lang/StringBuilder;)V' in 'java/lang/String')}
  0x000001f425689a20: 0001 49b8 | a0ba 0000 | f401 0000 | 458b 88cc | 0000 0041 | 83c1 0245 | 8988 cc00 | 0000 4181 
  0x000001f425689a40: e1fe ff1f | 0045 85c9 | 0f84 3336 | 0000 4c8b 

  0x000001f425689a50: ;   {metadata(method data for {method} {0x000001f439457bd8} '<init>' '(Ljava/lang/StringBuilder;)V' in 'java/lang/String')}
  0x000001f425689a50: c049 b9a0 | ba00 00f4 | 0100 0049 | 8381 1001 | 0000 014c | 8b84 24b8 

  0x000001f425689a68: ;   {oop(nullptr)}
  0x000001f425689a68: 0000 0049 | b900 0000 | 0000 0000 | 0048 8bd0 | 4889 8424 | c800 0000 | 0f1f 8000 

  0x000001f425689a84: ;   {optimized virtual_call}
  0x000001f425689a84: 0000 00e8 

  0x000001f425689a88: ; ImmutableOopMap {[160]=Oop [168]=Oop [192]=Oop [200]=Oop }
                      ;*invokespecial <init> {reexecute=0 rethrow=0 return_oop=0}
                      ; - java.lang.String::<init>@3
                      ; - java.lang.StringBuilder::toString@5
                      ; - org.eclipse.osgi.internal.loader.BundleLoader::findClass0@76 (line 473)
  0x000001f425689a88: f44c 2307 

  0x000001f425689a8c: ;   {other}
  0x000001f425689a8c: 0f1f 8400 | 7c0f 0007 | 488b 9c24 | c000 0000 

  0x000001f425689a9c: ;   {metadata(method data for {method} {0x000001f400588a20} 'findClass0' '(Ljava/lang/String;ZZ)Ljava/lang/Class;' in 'org/eclipse/osgi/internal/loader/BundleLoader')}
  0x000001f425689a9c: 49b8 604b | 9100 f401 

  0x000001f425689aa4: ;   {metadata('org/eclipse/osgi/internal/debug/Debug')}
  0x000001f425689aa4: 0000 49ba | 8009 093a | f401 0000 | 4d89 9038 | 0300 0049 | 8380 4003 

  0x000001f425689abc: ;   {metadata(method data for {method} {0x000001f4004e2040} 'trace' '(Ljava/lang/String;Ljava/lang/String;)V' in 'org/eclipse/osgi/internal/debug/Debug')}
  0x000001f425689abc: 0000 0149 | b880 1878 | 00f4 0100 | 0045 8b88 | cc00 0000 | 4183 c102 | 4589 88cc | 0000 0041 
  0x000001f425689adc: 81e1 feff | 1f00 4585 | c90f 84b7 | 3500 0048 | 8b9c 24c0 | 0000 008b | 5320 4885 

  0x000001f425689af8: ;   {metadata(method data for {method} {0x000001f4004e2040} 'trace' '(Ljava/lang/String;Ljava/lang/String;)V' in 'org/eclipse/osgi/internal/debug/Debug')}
  0x000001f425689af8: d249 b880 | 1878 00f4 | 0100 0049 | c7c1 1001 | 0000 7407 | 49c7 c120 | 0100 004b | 8b34 0848 
  0x000001f425689b18: 8d76 014b | 8934 080f | 84fd 0200 | 0048 85d2 | 0f84 2900 

  0x000001f425689b2c: ;   {metadata('org/eclipse/osgi/internal/log/ExtendedLogServiceImpl')}
  0x000001f425689b2c: 0000 48bf | 2856 093a | f401 0000 | 8b72 0849 | ba00 0000 | 39f4 0100 | 0049 03f2 | 483b 7e38 
  0x000001f425689b4c: 0f85 7135 | 0000 e900 | 0000 004c | 8bc2 483b | 024c 8bc2 

  0x000001f425689b60: ;   {metadata(method data for {method} {0x000001f4004e2040} 'trace' '(Ljava/lang/String;Ljava/lang/String;)V' in 'org/eclipse/osgi/internal/debug/Debug')}
  0x000001f425689b60: 49b9 8018 | 7800 f401 

  0x000001f425689b68: ;   {metadata('org/eclipse/osgi/internal/log/ExtendedLogServiceImpl')}
  0x000001f425689b68: 0000 49ba | 2856 093a | f401 0000 | 4d89 9140 | 0100 0049 | 8381 4801 

  0x000001f425689b80: ;   {metadata(method data for {method} {0x000001f400509208} 'getLogger' '(Ljava/lang/String;)Lorg/osgi/service/log/Logger;' in 'org/eclipse/osgi/internal/log/ExtendedLogServiceImpl')}
  0x000001f425689b80: 0000 0149 | b8c0 1a78 | 00f4 0100 | 0045 8b88 | cc00 0000 | 4183 c102 | 4589 88cc | 0000 0041 
  0x000001f425689ba0: 81e1 feff | 1f00 4585 | c90f 841e | 3500 004c 

  0x000001f425689bb0: ;   {metadata(method data for {method} {0x000001f400509208} 'getLogger' '(Ljava/lang/String;)Lorg/osgi/service/log/Logger;' in 'org/eclipse/osgi/internal/log/ExtendedLogServiceImpl')}
  0x000001f425689bb0: 8bc2 49b9 | c01a 7800 | f401 0000 

  0x000001f425689bbc: ;   {metadata('org/eclipse/osgi/internal/log/ExtendedLogServiceImpl')}
  0x000001f425689bbc: 49ba 2856 | 093a f401 | 0000 4d89 | 9120 0100 | 0049 8381 | 2801 0000 

  0x000001f425689bd4: ;   {metadata(method data for {method} {0x000001f400506a80} 'getLogger' '(Ljava/lang/String;)Lorg/eclipse/equinox/log/Logger;' in 'org/eclipse/osgi/internal/log/ExtendedLogServiceImpl')}
  0x000001f425689bd4: 0149 b850 | 1c78 00f4 | 0100 0045 | 8b88 cc00 | 0000 4183 | c102 4589 | 88cc 0000 | 0041 81e1 
  0x000001f425689bf4: feff 1f00 | 4585 c90f | 84ed 3400 | 004c 8bc2 

  0x000001f425689c04: ;   {metadata(method data for {method} {0x000001f400506a80} 'getLogger' '(Ljava/lang/String;)Lorg/eclipse/equinox/log/Logger;' in 'org/eclipse/osgi/internal/log/ExtendedLogServiceImpl')}
  0x000001f425689c04: 49b9 501c | 7800 f401 

  0x000001f425689c0c: ;   {metadata('org/eclipse/osgi/internal/log/ExtendedLogServiceImpl')}
  0x000001f425689c0c: 0000 49ba | 2856 093a | f401 0000 | 4d89 9120 | 0100 0049 | 8381 2801 

  0x000001f425689c24: ;   {oop("org.eclipse.osgi/debug/loader"{0x00000000d759be00})}
  0x000001f425689c24: 0000 0149 | b800 be59 | d700 0000 

  0x000001f425689c30: ;   {oop(a 'java/lang/Class'{0x00000000d72e0570} = 'org/osgi/service/log/Logger')}
  0x000001f425689c30: 0049 b970 | 052e d700 | 0000 000f 

  0x000001f425689c3c: ;   {optimized virtual_call}
  0x000001f425689c3c: 1f40 00e8 

  0x000001f425689c40: ; ImmutableOopMap {[160]=Oop [168]=Oop [200]=Oop }
                      ;*invokevirtual getLogger {reexecute=0 rethrow=0 return_oop=0}
                      ; - org.eclipse.osgi.internal.log.ExtendedLogServiceImpl::getLogger@4 (line 73)
                      ; - org.eclipse.osgi.internal.log.ExtendedLogServiceImpl::getLogger@2 (line 1)
                      ; - org.eclipse.osgi.internal.debug.Debug::trace@11 (line 230)
                      ; - org.eclipse.osgi.internal.loader.BundleLoader::findClass0@79 (line 473)
  0x000001f425689c40: 3c4b 2307 

  0x000001f425689c44: ;   {other}
  0x000001f425689c44: 0f1f 8400 | 3411 0008 | 4885 c075 

  0x000001f425689c50: ;   {metadata(method data for {method} {0x000001f400506a80} 'getLogger' '(Ljava/lang/String;)Lorg/eclipse/equinox/log/Logger;' in 'org/eclipse/osgi/internal/log/ExtendedLogServiceImpl')}
  0x000001f425689c50: 1648 be50 | 1c78 00f4 | 0100 0080 | 8e41 0100 | 0001 e9e7 

  0x000001f425689c64: ;   {metadata('org/eclipse/equinox/log/Logger')}
  0x000001f425689c64: 0000 0048 | bfe0 2909 | 3af4 0100 | 008b 7008 | 49ba 0000 | 0039 f401 | 0000 4903 | f248 3b7e 
  0x000001f425689c84: 200f 841a | 0000 0048 | 3bf7 0f84 | 1100 0000 

  0x000001f425689c94: ;   {runtime_call slow_subtype_check Runtime1 stub}
  0x000001f425689c94: 5657 e8e5 | 982e 075e | 5e85 f60f | 848d 0000 

  0x000001f425689ca4: ;   {metadata(method data for {method} {0x000001f400506a80} 'getLogger' '(Ljava/lang/String;)Lorg/eclipse/equinox/log/Logger;' in 'org/eclipse/osgi/internal/log/ExtendedLogServiceImpl')}
  0x000001f425689ca4: 0048 be50 | 1c78 00f4 | 0100 008b | 7808 49ba | 0000 0039 | f401 0000 | 4903 fa48 | 3bbe 5801 
  0x000001f425689cc4: 0000 750d | 4883 8660 | 0100 0001 | e979 0000 | 0048 3bbe | 6801 0000 | 750d 4883 | 8670 0100 
  0x000001f425689ce4: 0001 e963 | 0000 0048 | 83be 5801 | 0000 0075 | 1748 89be | 5801 0000 | 48c7 8660 | 0100 0001 
  0x000001f425689d04: 0000 00e9 | 4200 0000 | 4883 be68 | 0100 0000 | 7517 4889 | be68 0100 | 0048 c786 | 7001 0000 
  0x000001f425689d24: 0100 0000 | e921 0000 | 00e9 1c00 

  0x000001f425689d30: ;   {metadata(method data for {method} {0x000001f400506a80} 'getLogger' '(Ljava/lang/String;)Lorg/eclipse/equinox/log/Logger;' in 'org/eclipse/osgi/internal/log/ExtendedLogServiceImpl')}
  0x000001f425689d30: 0000 48be | 501c 7800 | f401 0000 | 4883 ae48 | 0100 0001 | e9c6 3300 | 00e9 0000 | 0000 488b 
  0x000001f425689d50: d048 3b02 

  0x000001f425689d54: ;   {metadata(method data for {method} {0x000001f4004e2040} 'trace' '(Ljava/lang/String;Ljava/lang/String;)V' in 'org/eclipse/osgi/internal/debug/Debug')}
  0x000001f425689d54: 4c8b c248 | be80 1878 | 00f4 0100 | 0045 8b40 | 0849 ba00 | 0000 39f4 | 0100 004d | 03c2 4c3b 
  0x000001f425689d74: 8678 0100 | 0075 0d48 | 8386 8001 | 0000 01e9 | 6000 0000 | 4c3b 8688 | 0100 0075 | 0d48 8386 
  0x000001f425689d94: 9001 0000 | 01e9 4a00 | 0000 4883 | be78 0100 | 0000 7517 | 4c89 8678 | 0100 0048 | c786 8001 
  0x000001f425689db4: 0000 0100 | 0000 e929 | 0000 0048 | 83be 8801 | 0000 0075 | 174c 8986 | 8801 0000 | 48c7 8690 
  0x000001f425689dd4: 0100 0001 | 0000 00e9 | 0800 0000 | 4883 8668 | 0100 0001 | 4c8b 8424 | c800 0000 | 0f1f 4400 
  0x000001f425689df4: 0048 b8ff | ffff ffff 

  0x000001f425689dfc: ;   {virtual_call}
  0x000001f425689dfc: ffff ffe8 

  0x000001f425689e00: ; ImmutableOopMap {[160]=Oop [168]=Oop }
                      ;*invokeinterface trace {reexecute=0 rethrow=0 return_oop=0}
                      ; - org.eclipse.osgi.internal.debug.Debug::trace@17 (line 230)
                      ; - org.eclipse.osgi.internal.loader.BundleLoader::findClass0@79 (line 473)
  0x000001f425689e00: 7c4c 2307 

  0x000001f425689e04: ;   {other}
  0x000001f425689e04: 0f1f 8400 | f412 0009 

  0x000001f425689e0c: ;   {metadata(method data for {method} {0x000001f4004e2040} 'trace' '(Ljava/lang/String;Ljava/lang/String;)V' in 'org/eclipse/osgi/internal/debug/Debug')}
  0x000001f425689e0c: 49b8 8018 | 7800 f401 | 0000 41ff | 80a0 0100 | 00e9 5200 | 0000 488b | 8424 c800 

  0x000001f425689e28: ;   {oop(a 'java/lang/Class'{0x00000000d72b7c10} = 'org/eclipse/osgi/internal/debug/Debug')}
  0x000001f425689e28: 0000 49b8 | 107c 2bd7 | 0000 0000 | 418b 90c8 | 0000 0048 | 3b02 4c8b 

  0x000001f425689e40: ;   {metadata(method data for {method} {0x000001f4004e2040} 'trace' '(Ljava/lang/String;Ljava/lang/String;)V' in 'org/eclipse/osgi/internal/debug/Debug')}
  0x000001f425689e40: c248 be80 | 1878 00f4 

  0x000001f425689e48: ;   {metadata('java/io/PrintStream')}
  0x000001f425689e48: 0100 0049 | bac0 a500 | 39f4 0100 | 004c 8996 | c801 0000 | 4883 86d0 | 0100 0001 

  0x000001f425689e64: ;   {optimized virtual_call}
  0x000001f425689e64: 4c8b c0e8 

  0x000001f425689e68: ; ImmutableOopMap {[160]=Oop [168]=Oop }
                      ;*invokevirtual println {reexecute=0 rethrow=0 return_oop=0}
                      ; - org.eclipse.osgi.internal.debug.Debug::trace@29 (line 232)
                      ; - org.eclipse.osgi.internal.loader.BundleLoader::findClass0@79 (line 473)
  0x000001f425689e68: 1449 2307 

  0x000001f425689e6c: ;   {other}
  0x000001f425689e6c: 0f1f 8400 | 5c13 000a | 4c8b 8424 | a800 0000 

  0x000001f425689e7c: ;   {metadata(method data for {method} {0x000001f400588a20} 'findClass0' '(Ljava/lang/String;ZZ)Ljava/lang/Class;' in 'org/eclipse/osgi/internal/loader/BundleLoader')}
  0x000001f425689e7c: 48b9 604b | 9100 f401 | 0000 4883 | 8160 0300 

  0x000001f425689e8c: ;   {metadata(method data for {method} {0x000001f400586d98} 'getPackageName' '(Ljava/lang/String;)Ljava/lang/String;' in 'org/eclipse/osgi/internal/loader/BundleLoader')}
  0x000001f425689e8c: 0001 48b9 | 9058 9100 | f401 0000 | 448b 89cc | 0000 0041 | 83c1 0244 | 8989 cc00 | 0000 4181 
  0x000001f425689eac: e1fe ff1f | 0045 85c9 | 0f84 6832 | 0000 4d85 

  0x000001f425689ebc: ;   {metadata(method data for {method} {0x000001f400586d98} 'getPackageName' '(Ljava/lang/String;)Ljava/lang/String;' in 'org/eclipse/osgi/internal/loader/BundleLoader')}
  0x000001f425689ebc: c048 b990 | 5891 00f4 | 0100 0049 | c7c1 1001 | 0000 7407 | 49c7 c120 | 0100 004a | 8b14 0948 
  0x000001f425689edc: 8d52 014a | 8914 090f | 8459 0100 | 0049 3b00 

  0x000001f425689eec: ;   {metadata(method data for {method} {0x000001f400586d98} 'getPackageName' '(Ljava/lang/String;)Ljava/lang/String;' in 'org/eclipse/osgi/internal/loader/BundleLoader')}
  0x000001f425689eec: 498b c849 | b990 5891 | 00f4 0100 | 0049 8381 | 3001 0000 

  0x000001f425689f00: ;   {metadata(method data for {method} {0x000001f439455b30} 'lastIndexOf' '(I)I' in 'java/lang/String')}
  0x000001f425689f00: 0148 b970 | 6105 00f4 | 0100 0044 | 8b89 cc00 | 0000 4183 | c102 4489 | 89cc 0000 | 0041 81e1 
  0x000001f425689f20: feff 1f00 | 4585 c90f | 841b 3200 | 0049 8bc8 

  0x000001f425689f30: ;   {metadata(method data for {method} {0x000001f439455b30} 'lastIndexOf' '(I)I' in 'java/lang/String')}
  0x000001f425689f30: 49b9 7061 | 0500 f401 | 0000 4983 | 8110 0100 

  0x000001f425689f40: ;   {metadata(method data for {method} {0x000001f43900f088} 'length' '()I' in 'java/lang/String')}
  0x000001f425689f40: 0001 48b9 | 18f5 0000 | f401 0000 | 448b 89cc | 0000 0041 | 83c1 0244 | 8989 cc00 | 0000 4181 
  0x000001f425689f60: e1fe ff1f | 0045 85c9 | 0f84 fb31 | 0000 418b | 4814 448b | 490c 498b 

  0x000001f425689f78: ;   {metadata(method data for {method} {0x000001f43900f088} 'length' '()I' in 'java/lang/String')}
  0x000001f425689f78: c848 ba18 | f500 00f4 | 0100 0048 | 8382 1001 

  0x000001f425689f88: ;   {metadata(method data for {method} {0x000001f439456e18} 'coder' '()B' in 'java/lang/String')}
  0x000001f425689f88: 0000 0148 | b9a0 f300 | 00f4 0100 | 008b 91cc | 0000 0083 | c202 8991 | cc00 0000 | 81e2 feff 
  0x000001f425689fa8: 1f00 85d2 | 0f84 dd31 

  0x000001f425689fb0: ;   {metadata(method data for {method} {0x000001f439456e18} 'coder' '()B' in 'java/lang/String')}
  0x000001f425689fb0: 0000 48b9 | a0f3 0000 | f401 0000 | ff81 2001 | 0000 410f 

  0x000001f425689fc4: ;   {metadata(method data for {method} {0x000001f439456e18} 'coder' '()B' in 'java/lang/String')}
  0x000001f425689fc4: be48 1048 | baa0 f300 | 00f4 0100 | 00ff 8230 | 0100 00c1 | e118 c1f9 | 1841 d3f9 

  0x000001f425689fe0: ;   {metadata(method data for {method} {0x000001f439455b30} 'lastIndexOf' '(I)I' in 'java/lang/String')}
  0x000001f425689fe0: 498b d048 | be70 6105 | 00f4 0100 | 0048 8386 | 4801 0000 | 0141 ffc9 | 498b f041 | b82e 0000 
  0x000001f42568a000: 0048 8bd6 

  0x000001f42568a004: ;   {optimized virtual_call}
  0x000001f42568a004: 6666 90e8 

  0x000001f42568a008: ; ImmutableOopMap {[160]=Oop [168]=Oop }
                      ;*invokevirtual lastIndexOf {reexecute=0 rethrow=0 return_oop=0}
                      ; - java.lang.String::lastIndexOf@8
                      ; - org.eclipse.osgi.internal.loader.BundleLoader::getPackageName@7 (line 143)
                      ; - org.eclipse.osgi.internal.loader.BundleLoader::findClass0@83 (line 475)
  0x000001f42568a008: f422 d2ff 

  0x000001f42568a00c: ;   {other}
  0x000001f42568a00c: 0f1f 8400 | fc14 000b 

  0x000001f42568a014: ;   {metadata(method data for {method} {0x000001f400586d98} 'getPackageName' '(Ljava/lang/String;)Ljava/lang/String;' in 'org/eclipse/osgi/internal/loader/BundleLoader')}
  0x000001f42568a014: 85c0 49b8 | 9058 9100 | f401 0000 | 49c7 c178 | 0100 007f | 0749 c7c1 | 6801 0000 | 4b8b 1408 
  0x000001f42568a034: 488d 5201 | 4b89 1408 | 0f8f 0f00 

  0x000001f42568a040: ;   {oop("."{0x0000000080002480})}
  0x000001f42568a040: 0000 48be | 8024 0080 | 0000 0000 | e93e 0000 | 004c 8b84 | 24a8 0000 

  0x000001f42568a058: ;   {metadata(method data for {method} {0x000001f400586d98} 'getPackageName' '(Ljava/lang/String;)Ljava/lang/String;' in 'org/eclipse/osgi/internal/loader/BundleLoader')}
  0x000001f42568a058: 0049 b990 | 5891 00f4 | 0100 0049 | 8381 8801 | 0000 0141 | b800 0000 | 004c 8bc8 | 488b 9424 
  0x000001f42568a078: a800 0000 

  0x000001f42568a07c: ;   {optimized virtual_call}
  0x000001f42568a07c: 6666 90e8 

  0x000001f42568a080: ; ImmutableOopMap {[160]=Oop [168]=Oop }
                      ;*invokevirtual substring {reexecute=0 rethrow=0 return_oop=0}
                      ; - org.eclipse.osgi.internal.loader.BundleLoader::getPackageName@18 (line 145)
                      ; - org.eclipse.osgi.internal.loader.BundleLoader::findClass0@83 (line 475)
  0x000001f42568a080: 7c51 7c07 

  0x000001f42568a084: ;   {other}
  0x000001f42568a084: 0f1f 8400 | 7415 000c | 488b f044 | 8b8c 24b0 | 0000 0045 

  0x000001f42568a098: ;   {metadata(method data for {method} {0x000001f400588a20} 'findClass0' '(Ljava/lang/String;ZZ)Ljava/lang/Class;' in 'org/eclipse/osgi/internal/loader/BundleLoader')}
  0x000001f42568a098: 85c9 49b8 | 604b 9100 | f401 0000 | 48c7 c280 | 0300 0075 | 0748 c7c2 | 7003 0000 | 498b 3c10 
  0x000001f42568a0b8: 488d 7f01 | 4989 3c10 | 0f85 1200 | 0000 bf00 | 0000 0048 | 89b4 24d0 | 0000 00e9 | 9202 0000 
  0x000001f42568a0d8: 488b 9424 | a000 0000 | 448b 4248 

  0x000001f42568a0e4: ;   {metadata(method data for {method} {0x000001f400588a20} 'findClass0' '(Ljava/lang/String;ZZ)Ljava/lang/Class;' in 'org/eclipse/osgi/internal/loader/BundleLoader')}
  0x000001f42568a0e4: 4d85 c049 | b860 4b91 | 00f4 0100 | 0048 c7c7 | a003 0000 | 7507 48c7 | c790 0300 | 0049 8b1c 
  0x000001f42568a104: 3848 8d5b | 0149 891c | 380f 8512 | 0000 00bf | 0000 0000 | 4889 b424 | d000 0000 | e945 0200 
  0x000001f42568a124: 008b 7a14 

  0x000001f42568a128: ; implicit exception: dispatches to 0x000001f42568d1b0
  0x000001f42568a128: 483b 074c 

  0x000001f42568a12c: ;   {metadata(method data for {method} {0x000001f400588a20} 'findClass0' '(Ljava/lang/String;ZZ)Ljava/lang/Class;' in 'org/eclipse/osgi/internal/loader/BundleLoader')}
  0x000001f42568a12c: 8bc7 48bb | 604b 9100 | f401 0000 

  0x000001f42568a138: ;   {metadata('org/eclipse/osgi/internal/framework/EquinoxContainer')}
  0x000001f42568a138: 49ba 00b0 | 083a f401 | 0000 4c89 | 93c0 0300 | 0048 8383 | c803 0000 | 014c 8bc6 | 488b d748 
  0x000001f42568a158: 89b4 24d0 

  0x000001f42568a15c: ;   {optimized virtual_call}
  0x000001f42568a15c: 0000 00e8 

  0x000001f42568a160: ; ImmutableOopMap {[160]=Oop [168]=Oop [208]=Oop }
                      ;*invokevirtual isBootDelegationPackage {reexecute=0 rethrow=0 return_oop=0}
                      ; - org.eclipse.osgi.internal.loader.BundleLoader::findClass0@108 (line 478)
  0x000001f42568a160: 3ce2 0100 

  0x000001f42568a164: ;   {other}
  0x000001f42568a164: 0f1f 8400 | 5416 000d 

  0x000001f42568a16c: ;   {metadata(method data for {method} {0x000001f400588a20} 'findClass0' '(Ljava/lang/String;ZZ)Ljava/lang/Class;' in 'org/eclipse/osgi/internal/loader/BundleLoader')}
  0x000001f42568a16c: 85c0 49b8 | 604b 9100 | f401 0000 | 49c7 c1f8 | 0300 0075 | 0749 c7c1 | e803 0000 | 4b8b 1408 
  0x000001f42568a18c: 488d 5201 | 4b89 1408 | 0f85 0a00 | 0000 bf00 | 0000 00e9 | c601 0000 | 488b 9424 | a000 0000 
  0x000001f42568a1ac: 8b72 4848 | 3b06 4c8b 

  0x000001f42568a1b4: ;   {metadata(method data for {method} {0x000001f400588a20} 'findClass0' '(Ljava/lang/String;ZZ)Ljava/lang/Class;' in 'org/eclipse/osgi/internal/loader/BundleLoader')}
  0x000001f42568a1b4: c649 b960 | 4b91 00f4 | 0100 0045 | 8b40 0849 | ba00 0000 | 39f4 0100 | 004d 03c2 | 4d3b 8118 
  0x000001f42568a1d4: 0400 0075 | 0d49 8381 | 2004 0000 | 01e9 6000 | 0000 4d3b | 8128 0400 | 0075 0d49 | 8381 3004 
  0x000001f42568a1f4: 0000 01e9 | 4a00 0000 | 4983 b918 | 0400 0000 | 7517 4d89 | 8118 0400 | 0049 c781 | 2004 0000 
  0x000001f42568a214: 0100 0000 | e929 0000 | 0049 83b9 | 2804 0000 | 0075 174d | 8981 2804 | 0000 49c7 | 8130 0400 
  0x000001f42568a234: 0001 0000 | 00e9 0800 | 0000 4983 | 8108 0400 

  0x000001f42568a244: ;   {metadata(method data for {method} {0x000001f4390145e8} 'loadClass' '(Ljava/lang/String;)Ljava/lang/Class;' in 'java/lang/ClassLoader')}
  0x000001f42568a244: 0001 49b8 | 4050 2a00 | f401 0000 | 458b 88cc | 0000 0041 | 83c1 0245 | 8988 cc00 | 0000 4181 
  0x000001f42568a264: e1fe ff1f | 0045 85c9 | 0f84 482f | 0000 4c8b 

  0x000001f42568a274: ;   {metadata(method data for {method} {0x000001f4390145e8} 'loadClass' '(Ljava/lang/String;)Ljava/lang/Class;' in 'java/lang/ClassLoader')}
  0x000001f42568a274: c649 b940 | 502a 00f4 | 0100 0045 | 8b40 0849 | ba00 0000 | 39f4 0100 | 004d 03c2 | 4d3b 8120 
  0x000001f42568a294: 0100 0075 | 0d49 8381 | 2801 0000 | 01e9 6000 | 0000 4d3b | 8130 0100 | 0075 0d49 | 8381 3801 
  0x000001f42568a2b4: 0000 01e9 | 4a00 0000 | 4983 b920 | 0100 0000 | 7517 4d89 | 8120 0100 | 0049 c781 | 2801 0000 
  0x000001f42568a2d4: 0100 0000 | e929 0000 | 0049 83b9 | 3001 0000 | 0075 174d | 8981 3001 | 0000 49c7 | 8138 0100 
  0x000001f42568a2f4: 0001 0000 | 00e9 0800 | 0000 4983 | 8110 0100 | 0001 4c8b | 8424 a800 | 0000 41b9 | 0000 0000 
  0x000001f42568a314: 488b d666 | 0f1f 4400 | 0048 b8ff | ffff ffff 

  0x000001f42568a324: ;   {virtual_call}
  0x000001f42568a324: ffff ffe8 

  0x000001f42568a328: ; ImmutableOopMap {[160]=Oop [168]=Oop [208]=Oop }
                      ;*invokevirtual loadClass {reexecute=0 rethrow=0 return_oop=0}
                      ; - java.lang.ClassLoader::loadClass@3
                      ; - org.eclipse.osgi.internal.loader.BundleLoader::findClass0@119 (line 482)
  0x000001f42568a328: 5447 2307 

  0x000001f42568a32c: ;   {other}
  0x000001f42568a32c: 0f1f 8400 | 1c18 000e | 4881 c460 | 0100 005d 

  0x000001f42568a33c: ;   {poll_return}
  0x000001f42568a33c: 493b a748 | 0400 000f | 8792 2e00 | 00c3 498b | 87f8 0400 | 004d 33d2 | 4d89 97f8 | 0400 004d 
  0x000001f42568a35c: 33d2 4d89 | 9700 0500 | 00bf 0100 | 0000 89bc | 24d8 0000 | 0048 8b94 | 24a0 0000 

  0x000001f42568a378: ;   {metadata(method data for {method} {0x000001f400588a20} 'findClass0' '(Ljava/lang/String;ZZ)Ljava/lang/Class;' in 'org/eclipse/osgi/internal/loader/BundleLoader')}
  0x000001f42568a378: 0049 b860 | 4b91 00f4 | 0100 0049 | 8380 4004 | 0000 014c | 8b84 24a8 | 0000 0041 | b901 0000 
  0x000001f42568a398: 0048 8b94 | 24a0 0000 | 0066 0f1f 

  0x000001f42568a3a4: ;   {optimized virtual_call}
  0x000001f42568a3a4: 4400 00e8 

  0x000001f42568a3a8: ; ImmutableOopMap {[160]=Oop [168]=Oop [208]=Oop }
                      ;*invokespecial searchHooks {reexecute=0 rethrow=0 return_oop=0}
                      ; - org.eclipse.osgi.internal.loader.BundleLoader::findClass0@134 (line 490)
  0x000001f42568a3a8: d412 0200 

  0x000001f42568a3ac: ;   {other}
  0x000001f42568a3ac: 0f1f 8400 | 9c18 000f | 4885 c075 

  0x000001f42568a3b8: ;   {metadata(method data for {method} {0x000001f400588a20} 'findClass0' '(Ljava/lang/String;ZZ)Ljava/lang/Class;' in 'org/eclipse/osgi/internal/loader/BundleLoader')}
  0x000001f42568a3b8: 1648 ba60 | 4b91 00f4 | 0100 0080 | 8a49 0400 | 0001 e9cd 

  0x000001f42568a3cc: ;   {metadata('java/lang/Class')}
  0x000001f42568a3cc: 0000 0048 | be48 6d00 | 39f4 0100 | 0044 8b40 | 0849 ba00 | 0000 39f4 | 0100 004d | 03c2 493b 
  0x000001f42568a3ec: f00f 858d 

  0x000001f42568a3f0: ;   {metadata(method data for {method} {0x000001f400588a20} 'findClass0' '(Ljava/lang/String;ZZ)Ljava/lang/Class;' in 'org/eclipse/osgi/internal/loader/BundleLoader')}
  0x000001f42568a3f0: 0000 0048 | ba60 4b91 | 00f4 0100 | 008b 7008 | 49ba 0000 | 0039 f401 | 0000 4903 | f248 3bb2 
  0x000001f42568a410: 6004 0000 | 750d 4883 | 8268 0400 | 0001 e979 | 0000 0048 | 3bb2 7004 | 0000 750d | 4883 8278 
  0x000001f42568a430: 0400 0001 | e963 0000 | 0048 83ba | 6004 0000 | 0075 1748 | 89b2 6004 | 0000 48c7 | 8268 0400 
  0x000001f42568a450: 0001 0000 | 00e9 4200 | 0000 4883 | ba70 0400 | 0000 7517 | 4889 b270 | 0400 0048 | c782 7804 
  0x000001f42568a470: 0000 0100 | 0000 e921 | 0000 00e9 | 1c00 0000 

  0x000001f42568a480: ;   {metadata(method data for {method} {0x000001f400588a20} 'findClass0' '(Ljava/lang/String;ZZ)Ljava/lang/Class;' in 'org/eclipse/osgi/internal/loader/BundleLoader')}
  0x000001f42568a480: 48ba 604b | 9100 f401 | 0000 4883 | aa50 0400 | 0001 e95a | 2d00 00e9 | 0000 0000 

  0x000001f42568a49c: ;   {metadata(method data for {method} {0x000001f400588a20} 'findClass0' '(Ljava/lang/String;ZZ)Ljava/lang/Class;' in 'org/eclipse/osgi/internal/loader/BundleLoader')}
  0x000001f42568a49c: 49b8 604b | 9100 f401 | 0000 41ff | 8088 0400 | 00e9 2500 | 0000 498b | 87f8 0400 | 004d 33d2 
  0x000001f42568a4bc: 4d89 97f8 | 0400 004d | 33d2 4d89 | 9700 0500 

  0x000001f42568a4cc: ;   {oop(nullptr)}
  0x000001f42568a4cc: 0048 b800 | 0000 0000 | 0000 0048 

  0x000001f42568a4d8: ;   {metadata(method data for {method} {0x000001f400588a20} 'findClass0' '(Ljava/lang/String;ZZ)Ljava/lang/Class;' in 'org/eclipse/osgi/internal/loader/BundleLoader')}
  0x000001f42568a4d8: 85c0 49b8 | 604b 9100 | f401 0000 | 48c7 c2b0 | 0400 0075 | 0748 c7c2 | a004 0000 | 498b 3410 
  0x000001f42568a4f8: 488d 7601 | 4989 3410 | 0f85 1c27 | 0000 4889 | 8424 e000 | 0000 488b | 9424 a000 

  0x000001f42568a514: ;   {metadata(method data for {method} {0x000001f400588a20} 'findClass0' '(Ljava/lang/String;ZZ)Ljava/lang/Class;' in 'org/eclipse/osgi/internal/loader/BundleLoader')}
  0x000001f42568a514: 0000 49b8 | 604b 9100 | f401 0000 | 4983 80c0 | 0400 0001 

  0x000001f42568a528: ;   {metadata(method data for {method} {0x000001f40058b798} 'findImportedSource' '(Ljava/lang/String;Ljava/util/Collection;)Lorg/eclipse/osgi/internal/loader/sources/PackageSource;' in 'org/eclipse/osgi/internal/loader/BundleLoader')}
  0x000001f42568a528: 49b8 0864 | 9100 f401 | 0000 418b | 90cc 0000 | 0083 c202 | 4189 90cc | 0000 0081 | e2fe ff1f 
  0x000001f42568a548: 0085 d20f | 84a9 2c00 | 0048 8b94 | 24a0 0000 

  0x000001f42568a558: ;   {metadata(method data for {method} {0x000001f40058b798} 'findImportedSource' '(Ljava/lang/String;Ljava/util/Collection;)Lorg/eclipse/osgi/internal/loader/sources/PackageSource;' in 'org/eclipse/osgi/internal/loader/BundleLoader')}
  0x000001f42568a558: 0049 b808 | 6491 00f4 | 0100 0049 | 8380 1001 

  0x000001f42568a568: ;   {oop(nullptr)}
  0x000001f42568a568: 0000 0149 | b800 0000 | 0000 0000 | 0048 8b94 | 24a0 0000 

  0x000001f42568a57c: ;   {optimized virtual_call}
  0x000001f42568a57c: 0066 90e8 

  0x000001f42568a580: ; ImmutableOopMap {[160]=Oop [168]=Oop [208]=Oop [224]=Oop }
                      ;*invokespecial getImportedSources {reexecute=0 rethrow=0 return_oop=0}
                      ; - org.eclipse.osgi.internal.loader.BundleLoader::findImportedSource@2 (line 1244)
                      ; - org.eclipse.osgi.internal.loader.BundleLoader::findClass0@159 (line 497)
  0x000001f42568a580: 1c9c 0100 

  0x000001f42568a584: ;   {other}
  0x000001f42568a584: 0f1f 8400 | 741a 0010 | 4c8d 8424 | 4801 0000 | 488b f049 | 8970 0848 | 8b06 4883 | c801 4989 
  0x000001f42568a5a4: 00f0 4c0f | b106 0f84 | 1200 0000 | 482b c448 | 2507 f0ff | ff49 8900 | 0f85 5e2c | 0000 49ff 
  0x000001f42568a5c4: 8748 0500 | 0048 8bc6 

  0x000001f42568a5cc: ;   {metadata(method data for {method} {0x000001f40058b798} 'findImportedSource' '(Ljava/lang/String;Ljava/util/Collection;)Lorg/eclipse/osgi/internal/loader/sources/PackageSource;' in 'org/eclipse/osgi/internal/loader/BundleLoader')}
  0x000001f42568a5cc: 49b8 0864 | 9100 f401 | 0000 8b40 | 0849 ba00 | 0000 39f4 | 0100 0049 | 03c2 493b | 8030 0100 
  0x000001f42568a5ec: 0075 0d49 | 8380 3801 | 0000 01e9 | 6000 0000 | 493b 8040 | 0100 0075 | 0d49 8380 | 4801 0000 
  0x000001f42568a60c: 01e9 4a00 | 0000 4983 | b830 0100 | 0000 7517 | 4989 8030 | 0100 0049 | c780 3801 | 0000 0100 
  0x000001f42568a62c: 0000 e929 | 0000 0049 | 83b8 4001 | 0000 0075 | 1749 8980 | 4001 0000 | 49c7 8048 | 0100 0001 
  0x000001f42568a64c: 0000 00e9 | 0800 0000 | 4983 8020 | 0100 0001 | 4c8b 8424 | d000 0000 | 488b d648 | 89b4 24e8 
  0x000001f42568a66c: 0000 0066 | 0f1f 4400 | 0048 b800 | c408 39f4 

  0x000001f42568a67c: ;   {virtual_call}
  0x000001f42568a67c: 0100 00e8 

  0x000001f42568a680: ; ImmutableOopMap {[160]=Oop [168]=Oop [208]=Oop [224]=Oop [232]=Oop [336]=Oop }
                      ;*invokeinterface get {reexecute=0 rethrow=0 return_oop=0}
                      ; - org.eclipse.osgi.internal.loader.BundleLoader::findImportedSource@13 (line 1246)
                      ; - org.eclipse.osgi.internal.loader.BundleLoader::findClass0@159 (line 497)
  0x000001f42568a680: 5c2b 8307 

  0x000001f42568a684: ;   {other}
  0x000001f42568a684: 0f1f 8400 | 741b 0011 | 4885 c075 

  0x000001f42568a690: ;   {metadata(method data for {method} {0x000001f40058b798} 'findImportedSource' '(Ljava/lang/String;Ljava/util/Collection;)Lorg/eclipse/osgi/internal/loader/sources/PackageSource;' in 'org/eclipse/osgi/internal/loader/BundleLoader')}
  0x000001f42568a690: 1648 ba08 | 6491 00f4 | 0100 0080 | 8a51 0100 | 0001 e9cd 

  0x000001f42568a6a4: ;   {metadata('org/eclipse/osgi/internal/loader/sources/PackageSource')}
  0x000001f42568a6a4: 0000 0048 | bee0 8f0b | 3af4 0100 | 008b 5008 | 49ba 0000 | 0039 f401 | 0000 4903 | d248 3b72 
  0x000001f42568a6c4: 380f 858d 

  0x000001f42568a6c8: ;   {metadata(method data for {method} {0x000001f40058b798} 'findImportedSource' '(Ljava/lang/String;Ljava/util/Collection;)Lorg/eclipse/osgi/internal/loader/sources/PackageSource;' in 'org/eclipse/osgi/internal/loader/BundleLoader')}
  0x000001f42568a6c8: 0000 0048 | ba08 6491 | 00f4 0100 | 008b 7008 | 49ba 0000 | 0039 f401 | 0000 4903 | f248 3bb2 
  0x000001f42568a6e8: 6801 0000 | 750d 4883 | 8270 0100 | 0001 e979 | 0000 0048 | 3bb2 7801 | 0000 750d | 4883 8280 
  0x000001f42568a708: 0100 0001 | e963 0000 | 0048 83ba | 6801 0000 | 0075 1748 | 89b2 6801 | 0000 48c7 | 8270 0100 
  0x000001f42568a728: 0001 0000 | 00e9 4200 | 0000 4883 | ba78 0100 | 0000 7517 | 4889 b278 | 0100 0048 | c782 8001 
  0x000001f42568a748: 0000 0100 | 0000 e921 | 0000 00e9 | 1c00 0000 

  0x000001f42568a758: ;   {metadata(method data for {method} {0x000001f40058b798} 'findImportedSource' '(Ljava/lang/String;Ljava/util/Collection;)Lorg/eclipse/osgi/internal/loader/sources/PackageSource;' in 'org/eclipse/osgi/internal/loader/BundleLoader')}
  0x000001f42568a758: 48ba 0864 | 9100 f401 | 0000 4883 | aa58 0100 | 0001 e9c4 | 2a00 00e9 | 0000 0000 | 488b d848 
  0x000001f42568a778: 899c 24f8 | 0000 0048 | 8d84 2448 | 0100 0048 | 8b10 4885 | d20f 840f | 0000 0048 | 8b70 08f0 
  0x000001f42568a798: 480f b116 | 0f85 9a2a | 0000 49ff | 8f48 0500 | 0048 85db 

  0x000001f42568a7ac: ;   {metadata(method data for {method} {0x000001f400588a20} 'findClass0' '(Ljava/lang/String;ZZ)Ljava/lang/Class;' in 'org/eclipse/osgi/internal/loader/BundleLoader')}
  0x000001f42568a7ac: 48ba 604b | 9100 f401 | 0000 48c7 | c6d0 0400 | 0074 0748 | c7c6 e004 | 0000 488b | 3c32 488d 
  0x000001f42568a7cc: 7f01 4889 | 3c32 488b | 9424 a000 | 0000 0f84 | 190f 0000 | 448b 4a18 | 4c89 8c24 | 0001 0000 
  0x000001f42568a7ec: ; implicit exception: dispatches to 0x000001f42568d252
  0x000001f42568a7ec: 410f be71 

  0x000001f42568a7f0: ;   {metadata(method data for {method} {0x000001f400588a20} 'findClass0' '(Ljava/lang/String;ZZ)Ljava/lang/Class;' in 'org/eclipse/osgi/internal/loader/BundleLoader')}
  0x000001f42568a7f0: 0e85 f648 | be60 4b91 | 00f4 0100 | 0048 c7c7 | f004 0000 | 7407 48c7 | c700 0500 | 0048 8b04 
  0x000001f42568a810: 3e48 8d40 | 0148 8904 | 3e0f 84dd | 0900 0090 

  0x000001f42568a820: ;   {no_reloc}
  0x000001f42568a820: e941 2a00 | 0000 0000 | 0000 498b | 87b8 0100 | 0048 8d78 | 1849 3bbf | c801 0000 | 0f87 2e2a 
  0x000001f42568a840: 0000 4989 | bfb8 0100 | 0048 c700 | 0100 0000 | 488b ca49 | ba00 0000 | 39f4 0100 | 0049 2bca 
  0x000001f42568a860: 8948 0848 | 33c9 8948 | 0c48 33c9 | 4889 4810 

  0x000001f42568a870: ;   {metadata(method data for {method} {0x000001f400588a20} 'findClass0' '(Ljava/lang/String;ZZ)Ljava/lang/Class;' in 'org/eclipse/osgi/internal/loader/BundleLoader')}
  0x000001f42568a870: 4c8b c048 | ba60 4b91 | 00f4 0100 | 0048 8382 | 1005 0000 

  0x000001f42568a884: ;   {metadata(method data for {method} {0x000001f439463b60} '<init>' '(Ljava/lang/String;)V' in 'java/lang/StringBuilder')}
  0x000001f42568a884: 0149 b8a0 | 1630 00f4 | 0100 0041 | 8b90 cc00 | 0000 83c2 | 0241 8990 | cc00 0000 | 81e2 feff 
  0x000001f42568a8a4: 1f00 85d2 | 0f84 cf29 | 0000 4c8b 

  0x000001f42568a8b0: ;   {metadata(method data for {method} {0x000001f439463b60} '<init>' '(Ljava/lang/String;)V' in 'java/lang/StringBuilder')}
  0x000001f42568a8b0: c048 baa0 | 1630 00f4 | 0100 0048 | 8382 1001 

  0x000001f42568a8c0: ;   {oop("BundleLoader["{0x00000000d5692388})}
  0x000001f42568a8c0: 0000 0149 | b888 2369 | d500 0000 | 0048 8bd0 | 4889 8424 | f000 0000 | 0f1f 8000 

  0x000001f42568a8dc: ;   {optimized virtual_call}
  0x000001f42568a8dc: 0000 00e8 

  0x000001f42568a8e0: ; ImmutableOopMap {[160]=Oop [168]=Oop [240]=Oop [248]=Oop [256]=Oop }
                      ;*invokespecial <init> {reexecute=0 rethrow=0 return_oop=0}
                      ; - java.lang.StringBuilder::<init>@2
                      ; - org.eclipse.osgi.internal.loader.BundleLoader::findClass0@193 (line 500)
  0x000001f42568a8e0: 9c3e 2307 

  0x000001f42568a8e4: ;   {other}
  0x000001f42568a8e4: 0f1f 8400 | d41d 0012 | 488b 8424 | f000 0000 

  0x000001f42568a8f4: ;   {metadata(method data for {method} {0x000001f400588a20} 'findClass0' '(Ljava/lang/String;ZZ)Ljava/lang/Class;' in 'org/eclipse/osgi/internal/loader/BundleLoader')}
  0x000001f42568a8f4: 48ba 604b | 9100 f401 | 0000 4883 | 8220 0500 

  0x000001f42568a904: ;   {metadata(method data for {method} {0x000001f4394638f8} 'append' '(Ljava/lang/Object;)Ljava/lang/StringBuilder;' in 'java/lang/StringBuilder')}
  0x000001f42568a904: 0001 48ba | b831 0a00 | f401 0000 | 8bb2 cc00 | 0000 83c6 | 0289 b2cc | 0000 0081 | e6fe ff1f 
  0x000001f42568a924: 0085 f60f | 8471 2900 

  0x000001f42568a92c: ;   {metadata(method data for {method} {0x000001f4394638f8} 'append' '(Ljava/lang/Object;)Ljava/lang/StringBuilder;' in 'java/lang/StringBuilder')}
  0x000001f42568a92c: 0048 bab8 | 310a 00f4 | 0100 0048 | 8382 1001 

  0x000001f42568a93c: ;   {metadata(method data for {method} {0x000001f439457080} 'valueOf' '(Ljava/lang/Object;)Ljava/lang/String;' in 'java/lang/String')}
  0x000001f42568a93c: 0000 0148 | ba58 330a | 00f4 0100 | 008b b2cc | 0000 0083 | c602 89b2 | cc00 0000 | 81e6 feff 
  0x000001f42568a95c: 1f00 85f6 | 0f84 5929 

  0x000001f42568a964: ;   {metadata(method data for {method} {0x000001f439457080} 'valueOf' '(Ljava/lang/Object;)Ljava/lang/String;' in 'java/lang/String')}
  0x000001f42568a964: 0000 48ba | 5833 0a00 | f401 0000 | ff82 1001 | 0000 488b | 9424 a000 

  0x000001f42568a97c: ;   {metadata(method data for {method} {0x000001f439457080} 'valueOf' '(Ljava/lang/Object;)Ljava/lang/String;' in 'java/lang/String')}
  0x000001f42568a97c: 0000 48be | 5833 0a00 | f401 0000 | 8b52 0849 | ba00 0000 | 39f4 0100 | 0049 03d2 | 483b 9658 
  0x000001f42568a99c: 0100 0075 | 0d48 8386 | 6001 0000 | 01e9 6000 | 0000 483b | 9668 0100 | 0075 0d48 | 8386 7001 
  0x000001f42568a9bc: 0000 01e9 | 4a00 0000 | 4883 be58 | 0100 0000 | 7517 4889 | 9658 0100 | 0048 c786 | 6001 0000 
  0x000001f42568a9dc: 0100 0000 | e929 0000 | 0048 83be | 6801 0000 | 0075 1748 | 8996 6801 | 0000 48c7 | 8670 0100 
  0x000001f42568a9fc: 0001 0000 | 00e9 0800 | 0000 4883 | 8648 0100 | 0001 488b | 9424 a000 

  0x000001f42568aa14: ;   {optimized virtual_call}
  0x000001f42568aa14: 0000 90e8 

  0x000001f42568aa18: ; ImmutableOopMap {[160]=Oop [168]=Oop [240]=Oop [248]=Oop [256]=Oop }
                      ;*invokevirtual toString {reexecute=0 rethrow=0 return_oop=0}
                      ; - java.lang.String::valueOf@11
                      ; - java.lang.StringBuilder::append@2
                      ; - org.eclipse.osgi.internal.loader.BundleLoader::findClass0@197 (line 500)
  0x000001f42568aa18: 643d 2307 

  0x000001f42568aa1c: ;   {other}
  0x000001f42568aa1c: 0f1f 8400 | 0c1f 0013 | 4c8b 8424 | f000 0000 

  0x000001f42568aa2c: ;   {metadata(method data for {method} {0x000001f4394638f8} 'append' '(Ljava/lang/Object;)Ljava/lang/StringBuilder;' in 'java/lang/StringBuilder')}
  0x000001f42568aa2c: 48ba b831 | 0a00 f401 | 0000 4883 | 8220 0100 

  0x000001f42568aa3c: ;   {metadata(method data for {method} {0x000001f4394638a0} 'append' '(Ljava/lang/String;)Ljava/lang/StringBuilder;' in 'java/lang/StringBuilder')}
  0x000001f42568aa3c: 0001 49b8 | d0b1 0000 | f401 0000 | 418b 90cc | 0000 0083 | c202 4189 | 90cc 0000 | 0081 e2fe 
  0x000001f42568aa5c: ff1f 0085 | d20f 8479 | 2800 004c | 8b84 24f0 

  0x000001f42568aa6c: ;   {metadata(method data for {method} {0x000001f4394638a0} 'append' '(Ljava/lang/String;)Ljava/lang/StringBuilder;' in 'java/lang/StringBuilder')}
  0x000001f42568aa6c: 0000 0048 | bad0 b100 | 00f4 0100 | 0048 8382 | 1001 0000 | 014c 8bc0 | 488b 9424 | f000 0000 
  0x000001f42568aa8c: ;   {optimized virtual_call}
  0x000001f42568aa8c: 6666 90e8 

  0x000001f42568aa90: ; ImmutableOopMap {[160]=Oop [168]=Oop [240]=Oop [248]=Oop [256]=Oop }
                      ;*invokespecial append {reexecute=0 rethrow=0 return_oop=0}
                      ; - java.lang.StringBuilder::append@2
                      ; - java.lang.StringBuilder::append@5
                      ; - org.eclipse.osgi.internal.loader.BundleLoader::findClass0@197 (line 500)
  0x000001f42568aa90: ec3c 2307 

  0x000001f42568aa94: ;   {other}
  0x000001f42568aa94: 0f1f 8400 | 841f 0014 | 488b 8424 | f000 0000 

  0x000001f42568aaa4: ;   {metadata(method data for {method} {0x000001f400588a20} 'findClass0' '(Ljava/lang/String;ZZ)Ljava/lang/Class;' in 'org/eclipse/osgi/internal/loader/BundleLoader')}
  0x000001f42568aaa4: 49b8 604b | 9100 f401 | 0000 4983 | 8058 0500 

  0x000001f42568aab4: ;   {metadata(method data for {method} {0x000001f4394638a0} 'append' '(Ljava/lang/String;)Ljava/lang/StringBuilder;' in 'java/lang/StringBuilder')}
  0x000001f42568aab4: 0001 49b8 | d0b1 0000 | f401 0000 | 418b 90cc | 0000 0083 | c202 4189 | 90cc 0000 | 0081 e2fe 
  0x000001f42568aad4: ff1f 0085 | d20f 8422 | 2800 0048 | 8b84 24f0 

  0x000001f42568aae4: ;   {metadata(method data for {method} {0x000001f4394638a0} 'append' '(Ljava/lang/String;)Ljava/lang/StringBuilder;' in 'java/lang/StringBuilder')}
  0x000001f42568aae4: 0000 0049 | b8d0 b100 | 00f4 0100 | 0049 8380 | 1001 0000 

  0x000001f42568aaf8: ;   {oop("] loading from import package: "{0x00000000d56925c0})}
  0x000001f42568aaf8: 0149 b8c0 | 2569 d500 | 0000 0048 | 8b94 24f0 | 0000 000f 

  0x000001f42568ab0c: ;   {optimized virtual_call}
  0x000001f42568ab0c: 1f40 00e8 

  0x000001f42568ab10: ; ImmutableOopMap {[160]=Oop [168]=Oop [240]=Oop [248]=Oop [256]=Oop }
                      ;*invokespecial append {reexecute=0 rethrow=0 return_oop=0}
                      ; - java.lang.StringBuilder::append@2
                      ; - org.eclipse.osgi.internal.loader.BundleLoader::findClass0@203 (line 500)
  0x000001f42568ab10: 6c3c 2307 

  0x000001f42568ab14: ;   {other}
  0x000001f42568ab14: 0f1f 8400 | 0420 0015 | 488b 8424 | f000 0000 

  0x000001f42568ab24: ;   {metadata(method data for {method} {0x000001f400588a20} 'findClass0' '(Ljava/lang/String;ZZ)Ljava/lang/Class;' in 'org/eclipse/osgi/internal/loader/BundleLoader')}
  0x000001f42568ab24: 48ba 604b | 9100 f401 | 0000 4883 | 8290 0500 

  0x000001f42568ab34: ;   {metadata(method data for {method} {0x000001f4394638f8} 'append' '(Ljava/lang/Object;)Ljava/lang/StringBuilder;' in 'java/lang/StringBuilder')}
  0x000001f42568ab34: 0001 48ba | b831 0a00 | f401 0000 | 8bb2 cc00 | 0000 83c6 | 0289 b2cc | 0000 0081 | e6fe ff1f 
  0x000001f42568ab54: 0085 f60f | 84c5 2700 

  0x000001f42568ab5c: ;   {metadata(method data for {method} {0x000001f4394638f8} 'append' '(Ljava/lang/Object;)Ljava/lang/StringBuilder;' in 'java/lang/StringBuilder')}
  0x000001f42568ab5c: 0048 bab8 | 310a 00f4 | 0100 0048 | 8382 1001 

  0x000001f42568ab6c: ;   {metadata(method data for {method} {0x000001f439457080} 'valueOf' '(Ljava/lang/Object;)Ljava/lang/String;' in 'java/lang/String')}
  0x000001f42568ab6c: 0000 0148 | ba58 330a | 00f4 0100 | 008b b2cc | 0000 0083 | c602 89b2 | cc00 0000 | 81e6 feff 
  0x000001f42568ab8c: 1f00 85f6 | 0f84 ad27 | 0000 488b | 9c24 f800 | 0000 4885 

  0x000001f42568aba0: ;   {metadata(method data for {method} {0x000001f439457080} 'valueOf' '(Ljava/lang/Object;)Ljava/lang/String;' in 'java/lang/String')}
  0x000001f42568aba0: db48 ba58 | 330a 00f4 | 0100 0048 | c7c6 1001 | 0000 7507 | 48c7 c620 | 0100 0048 | 8b3c 3248 
  0x000001f42568abc0: 8d7f 0148 | 893c 320f | 851f 0000 

  0x000001f42568abcc: ;   {metadata(method data for {method} {0x000001f439457080} 'valueOf' '(Ljava/lang/Object;)Ljava/lang/String;' in 'java/lang/String')}
  0x000001f42568abcc: 0048 ba58 | 330a 00f4 | 0100 00ff | 8230 0100 

  0x000001f42568abdc: ;   {oop("null"{0x0000000080000748})}
  0x000001f42568abdc: 0048 be48 | 0700 8000 | 0000 00e9 | ab00 0000 

  0x000001f42568abec: ; implicit exception: dispatches to 0x000001f42568d364
  0x000001f42568abec: 483b 0348 

  0x000001f42568abf0: ;   {metadata(method data for {method} {0x000001f439457080} 'valueOf' '(Ljava/lang/Object;)Ljava/lang/String;' in 'java/lang/String')}
  0x000001f42568abf0: 8bd3 48be | 5833 0a00 | f401 0000 | 8b52 0849 | ba00 0000 | 39f4 0100 | 0049 03d2 | 483b 9658 
  0x000001f42568ac10: 0100 0075 | 0d48 8386 | 6001 0000 | 01e9 6000 | 0000 483b | 9668 0100 | 0075 0d48 | 8386 7001 
  0x000001f42568ac30: 0000 01e9 | 4a00 0000 | 4883 be58 | 0100 0000 | 7517 4889 | 9658 0100 | 0048 c786 | 6001 0000 
  0x000001f42568ac50: 0100 0000 | e929 0000 | 0048 83be | 6801 0000 | 0075 1748 | 8996 6801 | 0000 48c7 | 8670 0100 
  0x000001f42568ac70: 0001 0000 | 00e9 0800 | 0000 4883 | 8648 0100 | 0001 488b 

  0x000001f42568ac84: ;   {optimized virtual_call}
  0x000001f42568ac84: d366 90e8 

  0x000001f42568ac88: ; ImmutableOopMap {[160]=Oop [168]=Oop [240]=Oop [248]=Oop [256]=Oop }
                      ;*invokevirtual toString {reexecute=0 rethrow=0 return_oop=0}
                      ; - java.lang.String::valueOf@11
                      ; - java.lang.StringBuilder::append@2
                      ; - org.eclipse.osgi.internal.loader.BundleLoader::findClass0@208 (line 500)
  0x000001f42568ac88: f43a 2307 

  0x000001f42568ac8c: ;   {other}
  0x000001f42568ac8c: 0f1f 8400 | 7c21 0016 | 488b f048 | 8b84 24f0 

  0x000001f42568ac9c: ;   {metadata(method data for {method} {0x000001f4394638f8} 'append' '(Ljava/lang/Object;)Ljava/lang/StringBuilder;' in 'java/lang/StringBuilder')}
  0x000001f42568ac9c: 0000 0049 | b8b8 310a | 00f4 0100 | 0049 8380 | 2001 0000 

  0x000001f42568acb0: ;   {metadata(method data for {method} {0x000001f4394638a0} 'append' '(Ljava/lang/String;)Ljava/lang/StringBuilder;' in 'java/lang/StringBuilder')}
  0x000001f42568acb0: 0149 b8d0 | b100 00f4 | 0100 0041 | 8b90 cc00 | 0000 83c2 | 0241 8990 | cc00 0000 | 81e2 feff 
  0x000001f42568acd0: 1f00 85d2 | 0f84 8f26 | 0000 488b | 8424 f000 

  0x000001f42568ace0: ;   {metadata(method data for {method} {0x000001f4394638a0} 'append' '(Ljava/lang/String;)Ljava/lang/StringBuilder;' in 'java/lang/StringBuilder')}
  0x000001f42568ace0: 0000 49b8 | d0b1 0000 | f401 0000 | 4983 8010 | 0100 0001 | 4c8b c648 | 8b94 24f0 

  0x000001f42568acfc: ;   {optimized virtual_call}
  0x000001f42568acfc: 0000 00e8 

  0x000001f42568ad00: ; ImmutableOopMap {[160]=Oop [168]=Oop [240]=Oop [248]=Oop [256]=Oop }
                      ;*invokespecial append {reexecute=0 rethrow=0 return_oop=0}
                      ; - java.lang.StringBuilder::append@2
                      ; - java.lang.StringBuilder::append@5
                      ; - org.eclipse.osgi.internal.loader.BundleLoader::findClass0@208 (line 500)
  0x000001f42568ad00: 7c3a 2307 

  0x000001f42568ad04: ;   {other}
  0x000001f42568ad04: 0f1f 8400 | f421 0017 | 4c8b 8424 | f000 0000 

  0x000001f42568ad14: ;   {metadata(method data for {method} {0x000001f400588a20} 'findClass0' '(Ljava/lang/String;ZZ)Ljava/lang/Class;' in 'org/eclipse/osgi/internal/loader/BundleLoader')}
  0x000001f42568ad14: 498b c048 | ba60 4b91 | 00f4 0100 | 0048 8382 | c805 0000 

  0x000001f42568ad28: ;   {metadata(method data for {method} {0x000001f439008b50} 'toString' '()Ljava/lang/String;' in 'java/lang/StringBuilder')}
  0x000001f42568ad28: 0148 ba28 | b900 00f4 | 0100 008b | b2cc 0000 | 0083 c602 | 89b2 cc00 | 0000 81e6 | feff 1f00 
  0x000001f42568ad48: 85f6 0f84 | 3a26 0000 

  0x000001f42568ad50: ;   {metadata('java/lang/String')}
  0x000001f42568ad50: 48ba 70ea | 0039 f401 | 0000 498b | 87b8 0100 | 0048 8d78 | 1849 3bbf | c801 0000 | 0f87 3926 
  0x000001f42568ad70: 0000 4989 | bfb8 0100 | 0048 c700 | 0100 0000 | 488b ca49 | ba00 0000 | 39f4 0100 | 0049 2bca 
  0x000001f42568ad90: 8948 0848 | 33c9 8948 | 0c48 33c9 | 4889 4810 

  0x000001f42568ada0: ;   {metadata(method data for {method} {0x000001f439008b50} 'toString' '()Ljava/lang/String;' in 'java/lang/StringBuilder')}
  0x000001f42568ada0: 488b d048 | be28 b900 | 00f4 0100 | 0048 8386 | 1001 0000 

  0x000001f42568adb4: ;   {metadata(method data for {method} {0x000001f439457bd8} '<init>' '(Ljava/lang/StringBuilder;)V' in 'java/lang/String')}
  0x000001f42568adb4: 0148 baa0 | ba00 00f4 | 0100 008b | b2cc 0000 | 0083 c602 | 89b2 cc00 | 0000 81e6 | feff 1f00 
  0x000001f42568add4: 85f6 0f84 | dc25 0000 

  0x000001f42568addc: ;   {metadata(method data for {method} {0x000001f439457bd8} '<init>' '(Ljava/lang/StringBuilder;)V' in 'java/lang/String')}
  0x000001f42568addc: 488b d048 | bea0 ba00 | 00f4 0100 | 0048 8386 | 1001 0000 

  0x000001f42568adf0: ;   {oop(nullptr)}
  0x000001f42568adf0: 0149 b900 | 0000 0000 | 0000 0048 | 8bd0 4889 | 8424 0801 

  0x000001f42568ae04: ;   {optimized virtual_call}
  0x000001f42568ae04: 0000 90e8 

  0x000001f42568ae08: ; ImmutableOopMap {[160]=Oop [168]=Oop [248]=Oop [256]=Oop [264]=Oop }
                      ;*invokespecial <init> {reexecute=0 rethrow=0 return_oop=0}
                      ; - java.lang.String::<init>@3
                      ; - java.lang.StringBuilder::toString@5
                      ; - org.eclipse.osgi.internal.loader.BundleLoader::findClass0@211 (line 500)
  0x000001f42568ae08: 7439 2307 

  0x000001f42568ae0c: ;   {other}
  0x000001f42568ae0c: 0f1f 8400 | fc22 0018 | 4c8b 8c24 | 0001 0000 

  0x000001f42568ae1c: ;   {metadata(method data for {method} {0x000001f400588a20} 'findClass0' '(Ljava/lang/String;ZZ)Ljava/lang/Class;' in 'org/eclipse/osgi/internal/loader/BundleLoader')}
  0x000001f42568ae1c: 49b8 604b | 9100 f401 

  0x000001f42568ae24: ;   {metadata('org/eclipse/osgi/internal/debug/Debug')}
  0x000001f42568ae24: 0000 49ba | 8009 093a | f401 0000 | 4d89 9010 | 0600 0049 | 8380 1806 

  0x000001f42568ae3c: ;   {metadata(method data for {method} {0x000001f4004e2040} 'trace' '(Ljava/lang/String;Ljava/lang/String;)V' in 'org/eclipse/osgi/internal/debug/Debug')}
  0x000001f42568ae3c: 0000 0149 | b880 1878 | 00f4 0100 | 0045 8b88 | cc00 0000 | 4183 c102 | 4589 88cc | 0000 0041 
  0x000001f42568ae5c: 81e1 feff | 1f00 4585 | c90f 846e | 2500 004c | 8b8c 2400 | 0100 0041 | 8b51 2048 

  0x000001f42568ae78: ;   {metadata(method data for {method} {0x000001f4004e2040} 'trace' '(Ljava/lang/String;Ljava/lang/String;)V' in 'org/eclipse/osgi/internal/debug/Debug')}
  0x000001f42568ae78: 85d2 49b8 | 8018 7800 | f401 0000 | 49c7 c110 | 0100 0074 | 0749 c7c1 | 2001 0000 | 4b8b 3408 
  0x000001f42568ae98: 488d 7601 | 4b89 3408 | 0f84 fc02 | 0000 4885 | d20f 8429 

  0x000001f42568aeac: ;   {metadata('org/eclipse/osgi/internal/log/ExtendedLogServiceImpl')}
  0x000001f42568aeac: 0000 0048 | bf28 5609 | 3af4 0100 | 008b 7208 | 49ba 0000 | 0039 f401 | 0000 4903 | f248 3b7e 
  0x000001f42568aecc: 380f 8527 | 2500 00e9 | 0000 0000 | 4c8b c248 | 3b02 4c8b 

  0x000001f42568aee0: ;   {metadata(method data for {method} {0x000001f4004e2040} 'trace' '(Ljava/lang/String;Ljava/lang/String;)V' in 'org/eclipse/osgi/internal/debug/Debug')}
  0x000001f42568aee0: c249 b980 | 1878 00f4 

  0x000001f42568aee8: ;   {metadata('org/eclipse/osgi/internal/log/ExtendedLogServiceImpl')}
  0x000001f42568aee8: 0100 0049 | ba28 5609 | 3af4 0100 | 004d 8991 | 4001 0000 | 4983 8148 | 0100 0001 

  0x000001f42568af04: ;   {metadata(method data for {method} {0x000001f400509208} 'getLogger' '(Ljava/lang/String;)Lorg/osgi/service/log/Logger;' in 'org/eclipse/osgi/internal/log/ExtendedLogServiceImpl')}
  0x000001f42568af04: 49b8 c01a | 7800 f401 | 0000 458b | 88cc 0000 | 0041 83c1 | 0245 8988 | cc00 0000 | 4181 e1fe 
  0x000001f42568af24: ff1f 0045 | 85c9 0f84 | d424 0000 

  0x000001f42568af30: ;   {metadata(method data for {method} {0x000001f400509208} 'getLogger' '(Ljava/lang/String;)Lorg/osgi/service/log/Logger;' in 'org/eclipse/osgi/internal/log/ExtendedLogServiceImpl')}
  0x000001f42568af30: 4c8b c249 | b9c0 1a78 | 00f4 0100 

  0x000001f42568af3c: ;   {metadata('org/eclipse/osgi/internal/log/ExtendedLogServiceImpl')}
  0x000001f42568af3c: 0049 ba28 | 5609 3af4 | 0100 004d | 8991 2001 | 0000 4983 | 8128 0100 

  0x000001f42568af54: ;   {metadata(method data for {method} {0x000001f400506a80} 'getLogger' '(Ljava/lang/String;)Lorg/eclipse/equinox/log/Logger;' in 'org/eclipse/osgi/internal/log/ExtendedLogServiceImpl')}
  0x000001f42568af54: 0001 49b8 | 501c 7800 | f401 0000 | 458b 88cc | 0000 0041 | 83c1 0245 | 8988 cc00 | 0000 4181 
  0x000001f42568af74: e1fe ff1f | 0045 85c9 | 0f84 a324 | 0000 4c8b 

  0x000001f42568af84: ;   {metadata(method data for {method} {0x000001f400506a80} 'getLogger' '(Ljava/lang/String;)Lorg/eclipse/equinox/log/Logger;' in 'org/eclipse/osgi/internal/log/ExtendedLogServiceImpl')}
  0x000001f42568af84: c249 b950 | 1c78 00f4 

  0x000001f42568af8c: ;   {metadata('org/eclipse/osgi/internal/log/ExtendedLogServiceImpl')}
  0x000001f42568af8c: 0100 0049 | ba28 5609 | 3af4 0100 | 004d 8991 | 2001 0000 | 4983 8128 | 0100 0001 

  0x000001f42568afa8: ;   {oop("org.eclipse.osgi/debug/loader"{0x00000000d759be00})}
  0x000001f42568afa8: 49b8 00be | 59d7 0000 

  0x000001f42568afb0: ;   {oop(a 'java/lang/Class'{0x00000000d72e0570} = 'org/osgi/service/log/Logger')}
  0x000001f42568afb0: 0000 49b9 | 7005 2ed7 | 0000 0000 

  0x000001f42568afbc: ;   {optimized virtual_call}
  0x000001f42568afbc: 6666 90e8 

  0x000001f42568afc0: ; ImmutableOopMap {[160]=Oop [168]=Oop [248]=Oop [264]=Oop }
                      ;*invokevirtual getLogger {reexecute=0 rethrow=0 return_oop=0}
                      ; - org.eclipse.osgi.internal.log.ExtendedLogServiceImpl::getLogger@4 (line 73)
                      ; - org.eclipse.osgi.internal.log.ExtendedLogServiceImpl::getLogger@2 (line 1)
                      ; - org.eclipse.osgi.internal.debug.Debug::trace@11 (line 230)
                      ; - org.eclipse.osgi.internal.loader.BundleLoader::findClass0@214 (line 500)
  0x000001f42568afc0: bc37 2307 

  0x000001f42568afc4: ;   {other}
  0x000001f42568afc4: 0f1f 8400 | b424 0019 | 4885 c075 

  0x000001f42568afd0: ;   {metadata(method data for {method} {0x000001f400506a80} 'getLogger' '(Ljava/lang/String;)Lorg/eclipse/equinox/log/Logger;' in 'org/eclipse/osgi/internal/log/ExtendedLogServiceImpl')}
  0x000001f42568afd0: 1648 be50 | 1c78 00f4 | 0100 0080 | 8e41 0100 | 0001 e9e7 

  0x000001f42568afe4: ;   {metadata('org/eclipse/equinox/log/Logger')}
  0x000001f42568afe4: 0000 0048 | bfe0 2909 | 3af4 0100 | 008b 7008 | 49ba 0000 | 0039 f401 | 0000 4903 | f248 3b7e 
  0x000001f42568b004: 200f 841a | 0000 0048 | 3bf7 0f84 | 1100 0000 

  0x000001f42568b014: ;   {runtime_call slow_subtype_check Runtime1 stub}
  0x000001f42568b014: 5657 e865 | 852e 075e | 5e85 f60f | 848d 0000 

  0x000001f42568b024: ;   {metadata(method data for {method} {0x000001f400506a80} 'getLogger' '(Ljava/lang/String;)Lorg/eclipse/equinox/log/Logger;' in 'org/eclipse/osgi/internal/log/ExtendedLogServiceImpl')}
  0x000001f42568b024: 0048 be50 | 1c78 00f4 | 0100 008b | 7808 49ba | 0000 0039 | f401 0000 | 4903 fa48 | 3bbe 5801 
  0x000001f42568b044: 0000 750d | 4883 8660 | 0100 0001 | e979 0000 | 0048 3bbe | 6801 0000 | 750d 4883 | 8670 0100 
  0x000001f42568b064: 0001 e963 | 0000 0048 | 83be 5801 | 0000 0075 | 1748 89be | 5801 0000 | 48c7 8660 | 0100 0001 
  0x000001f42568b084: 0000 00e9 | 4200 0000 | 4883 be68 | 0100 0000 | 7517 4889 | be68 0100 | 0048 c786 | 7001 0000 
  0x000001f42568b0a4: 0100 0000 | e921 0000 | 00e9 1c00 

  0x000001f42568b0b0: ;   {metadata(method data for {method} {0x000001f400506a80} 'getLogger' '(Ljava/lang/String;)Lorg/eclipse/equinox/log/Logger;' in 'org/eclipse/osgi/internal/log/ExtendedLogServiceImpl')}
  0x000001f42568b0b0: 0000 48be | 501c 7800 | f401 0000 | 4883 ae48 | 0100 0001 | e97d 2300 | 00e9 0000 | 0000 488b 
  0x000001f42568b0d0: d048 3b02 

  0x000001f42568b0d4: ;   {metadata(method data for {method} {0x000001f4004e2040} 'trace' '(Ljava/lang/String;Ljava/lang/String;)V' in 'org/eclipse/osgi/internal/debug/Debug')}
  0x000001f42568b0d4: 4c8b c248 | be80 1878 | 00f4 0100 | 0045 8b40 | 0849 ba00 | 0000 39f4 | 0100 004d | 03c2 4c3b 
  0x000001f42568b0f4: 8678 0100 | 0075 0d48 | 8386 8001 | 0000 01e9 | 6000 0000 | 4c3b 8688 | 0100 0075 | 0d48 8386 
  0x000001f42568b114: 9001 0000 | 01e9 4a00 | 0000 4883 | be78 0100 | 0000 7517 | 4c89 8678 | 0100 0048 | c786 8001 
  0x000001f42568b134: 0000 0100 | 0000 e929 | 0000 0048 | 83be 8801 | 0000 0075 | 174c 8986 | 8801 0000 | 48c7 8690 
  0x000001f42568b154: 0100 0001 | 0000 00e9 | 0800 0000 | 4883 8668 | 0100 0001 | 4c8b 8424 | 0801 0000 | 0f1f 4400 
  0x000001f42568b174: 0048 b8ff | ffff ffff 

  0x000001f42568b17c: ;   {virtual_call}
  0x000001f42568b17c: ffff ffe8 

  0x000001f42568b180: ; ImmutableOopMap {[160]=Oop [168]=Oop [248]=Oop }
                      ;*invokeinterface trace {reexecute=0 rethrow=0 return_oop=0}
                      ; - org.eclipse.osgi.internal.debug.Debug::trace@17 (line 230)
                      ; - org.eclipse.osgi.internal.loader.BundleLoader::findClass0@214 (line 500)
  0x000001f42568b180: fc38 2307 

  0x000001f42568b184: ;   {other}
  0x000001f42568b184: 0f1f 8400 | 7426 001a 

  0x000001f42568b18c: ;   {metadata(method data for {method} {0x000001f4004e2040} 'trace' '(Ljava/lang/String;Ljava/lang/String;)V' in 'org/eclipse/osgi/internal/debug/Debug')}
  0x000001f42568b18c: 49b8 8018 | 7800 f401 | 0000 41ff | 80a0 0100 | 00e9 5200 | 0000 488b | 8424 0801 

  0x000001f42568b1a8: ;   {oop(a 'java/lang/Class'{0x00000000d72b7c10} = 'org/eclipse/osgi/internal/debug/Debug')}
  0x000001f42568b1a8: 0000 49b8 | 107c 2bd7 | 0000 0000 | 418b 90c8 | 0000 0048 | 3b02 4c8b 

  0x000001f42568b1c0: ;   {metadata(method data for {method} {0x000001f4004e2040} 'trace' '(Ljava/lang/String;Ljava/lang/String;)V' in 'org/eclipse/osgi/internal/debug/Debug')}
  0x000001f42568b1c0: c248 be80 | 1878 00f4 

  0x000001f42568b1c8: ;   {metadata('java/io/PrintStream')}
  0x000001f42568b1c8: 0100 0049 | bac0 a500 | 39f4 0100 | 004c 8996 | c801 0000 | 4883 86d0 | 0100 0001 

  0x000001f42568b1e4: ;   {optimized virtual_call}
  0x000001f42568b1e4: 4c8b c0e8 

  0x000001f42568b1e8: ; ImmutableOopMap {[160]=Oop [168]=Oop [248]=Oop }
                      ;*invokevirtual println {reexecute=0 rethrow=0 return_oop=0}
                      ; - org.eclipse.osgi.internal.debug.Debug::trace@29 (line 232)
                      ; - org.eclipse.osgi.internal.loader.BundleLoader::findClass0@214 (line 500)
  0x000001f42568b1e8: 9435 2307 

  0x000001f42568b1ec: ;   {other}
  0x000001f42568b1ec: 0f1f 8400 | dc26 001b | 488b 9c24 | f800 0000 

  0x000001f42568b1fc: ; implicit exception: dispatches to 0x000001f42568d459
  0x000001f42568b1fc: 483b 034c 

  0x000001f42568b200: ;   {metadata(method data for {method} {0x000001f400588a20} 'findClass0' '(Ljava/lang/String;ZZ)Ljava/lang/Class;' in 'org/eclipse/osgi/internal/loader/BundleLoader')}
  0x000001f42568b200: 8bc3 48ba | 604b 9100 | f401 0000 | 458b 4008 | 49ba 0000 | 0039 f401 | 0000 4d03 | c24c 3b82 
  0x000001f42568b220: 4806 0000 | 750d 4883 | 8250 0600 | 0001 e960 | 0000 004c | 3b82 5806 | 0000 750d | 4883 8260 
  0x000001f42568b240: 0600 0001 | e94a 0000 | 0048 83ba | 4806 0000 | 0075 174c | 8982 4806 | 0000 48c7 | 8250 0600 
  0x000001f42568b260: 0001 0000 | 00e9 2900 | 0000 4883 | ba58 0600 | 0000 7517 | 4c89 8258 | 0600 0048 | c782 6006 
  0x000001f42568b280: 0000 0100 | 0000 e908 | 0000 0048 | 8382 3806 | 0000 014c | 8b84 24a8 | 0000 0048 | 8bd3 0f1f 
  0x000001f42568b2a0: 8000 0000 | 0048 b840 | 310d 04f4 

  0x000001f42568b2ac: ;   {virtual_call}
  0x000001f42568b2ac: 0100 00e8 

  0x000001f42568b2b0: ; ImmutableOopMap {[160]=Oop [168]=Oop }
                      ;*invokevirtual loadClass {reexecute=0 rethrow=0 return_oop=0}
                      ; - org.eclipse.osgi.internal.loader.BundleLoader::findClass0@220 (line 503)
  0x000001f42568b2b0: 8184 2307 

  0x000001f42568b2b4: ;   {other}
  0x000001f42568b2b4: 0f1f 8400 | a427 001c 

  0x000001f42568b2bc: ;   {metadata(method data for {method} {0x000001f400588a20} 'findClass0' '(Ljava/lang/String;ZZ)Ljava/lang/Class;' in 'org/eclipse/osgi/internal/loader/BundleLoader')}
  0x000001f42568b2bc: 4885 c048 | ba60 4b91 | 00f4 0100 | 0048 c7c6 | 7006 0000 | 7507 48c7 | c680 0600 | 0048 8b3c 
  0x000001f42568b2dc: 3248 8d7f | 0148 893c | 320f 85c9 | 0300 0048 | 8b94 24a0 

  0x000001f42568b2f0: ;   {metadata(method data for {method} {0x000001f400588a20} 'findClass0' '(Ljava/lang/String;ZZ)Ljava/lang/Class;' in 'org/eclipse/osgi/internal/loader/BundleLoader')}
  0x000001f42568b2f0: 0000 0048 | be60 4b91 | 00f4 0100 | 008b 5208 | 49ba 0000 | 0039 f401 | 0000 4903 | d248 3b96 
  0x000001f42568b310: a006 0000 | 750d 4883 | 86a8 0600 | 0001 e960 | 0000 0048 | 3b96 b006 | 0000 750d | 4883 86b8 
  0x000001f42568b330: 0600 0001 | e94a 0000 | 0048 83be | a006 0000 | 0075 1748 | 8996 a006 | 0000 48c7 | 86a8 0600 
  0x000001f42568b350: 0001 0000 | 00e9 2900 | 0000 4883 | beb0 0600 | 0000 7517 | 4889 96b0 | 0600 0048 | c786 b806 
  0x000001f42568b370: 0000 0100 | 0000 e908 | 0000 0048 | 8386 9006 | 0000 0148 | 8b94 24a0 | 0000 0066 | 9048 b8ff 
  0x000001f42568b390: ffff ffff 

  0x000001f42568b394: ;   {virtual_call}
  0x000001f42568b394: ffff ffe8 

  0x000001f42568b398: ; ImmutableOopMap {[160]=Oop [168]=Oop }
                      ;*invokevirtual getModuleClassLoader {reexecute=0 rethrow=0 return_oop=0}
                      ; - org.eclipse.osgi.internal.loader.BundleLoader::findClass0@231 (line 507)
  0x000001f42568b398: e436 2307 

  0x000001f42568b39c: ;   {other}
  0x000001f42568b39c: 0f1f 8400 | 8c28 001d 

  0x000001f42568b3a4: ; implicit exception: dispatches to 0x000001f42568d45e
  0x000001f42568b3a4: 483b 004c 

  0x000001f42568b3a8: ;   {metadata(method data for {method} {0x000001f400588a20} 'findClass0' '(Ljava/lang/String;ZZ)Ljava/lang/Class;' in 'org/eclipse/osgi/internal/loader/BundleLoader')}
  0x000001f42568b3a8: 8bc0 48ba | 604b 9100 | f401 0000 | 458b 4008 | 49ba 0000 | 0039 f401 | 0000 4d03 | c24c 3b82 
  0x000001f42568b3c8: d806 0000 | 750d 4883 | 82e0 0600 | 0001 e960 | 0000 004c | 3b82 e806 | 0000 750d | 4883 82f0 
  0x000001f42568b3e8: 0600 0001 | e94a 0000 | 0048 83ba | d806 0000 | 0075 174c | 8982 d806 | 0000 48c7 | 82e0 0600 
  0x000001f42568b408: 0001 0000 | 00e9 2900 | 0000 4883 | bae8 0600 | 0000 7517 | 4c89 82e8 | 0600 0048 | c782 f006 
  0x000001f42568b428: 0000 0100 | 0000 e908 | 0000 0048 | 8382 c806 

  0x000001f42568b438: ;   {metadata(method data for {method} {0x000001f400622558} 'publicFindLoaded' '(Ljava/lang/String;)Ljava/lang/Class;' in 'org/eclipse/osgi/internal/loader/ModuleClassLoader')}
  0x000001f42568b438: 0000 0149 | b8d8 6d91 | 00f4 0100 | 0041 8b90 | cc00 0000 | 83c2 0241 | 8990 cc00 | 0000 81e2 
  0x000001f42568b458: feff 1f00 | 85d2 0f84 | ff1f 0000 

  0x000001f42568b464: ;   {metadata(method data for {method} {0x000001f400622558} 'publicFindLoaded' '(Ljava/lang/String;)Ljava/lang/Class;' in 'org/eclipse/osgi/internal/loader/ModuleClassLoader')}
  0x000001f42568b464: 4c8b c048 | bad8 6d91 | 00f4 0100 | 0045 8b40 | 0849 ba00 | 0000 39f4 | 0100 004d | 03c2 4c3b 
  0x000001f42568b484: 8220 0100 | 0075 0d48 | 8382 2801 | 0000 01e9 | 6000 0000 | 4c3b 8230 | 0100 0075 | 0d48 8382 
  0x000001f42568b4a4: 3801 0000 | 01e9 4a00 | 0000 4883 | ba20 0100 | 0000 7517 | 4c89 8220 | 0100 0048 | c782 2801 
  0x000001f42568b4c4: 0000 0100 | 0000 e929 | 0000 0048 | 83ba 3001 | 0000 0075 | 174c 8982 | 3001 0000 | 48c7 8238 
  0x000001f42568b4e4: 0100 0001 | 0000 00e9 | 0800 0000 | 4883 8210 | 0100 0001 

  0x000001f42568b4f8: ;   {metadata(method data for {method} {0x000001f400623108} 'getClassLoadingLock' '(Ljava/lang/String;)Ljava/lang/Object;' in 'org/eclipse/osgi/internal/loader/ModuleClassLoader')}
  0x000001f42568b4f8: 49b8 a06f | 9100 f401 | 0000 418b | 90cc 0000 | 0083 c202 | 4189 90cc | 0000 0081 | e2fe ff1f 
  0x000001f42568b518: 0085 d20f | 8463 1f00 | 008b 5050 

  0x000001f42568b524: ; implicit exception: dispatches to 0x000001f42568d4a5
  0x000001f42568b524: 483b 024c 

  0x000001f42568b528: ;   {metadata(method data for {method} {0x000001f400623108} 'getClassLoadingLock' '(Ljava/lang/String;)Ljava/lang/Object;' in 'org/eclipse/osgi/internal/loader/ModuleClassLoader')}
  0x000001f42568b528: 8bc2 48be | a06f 9100 | f401 0000 | 4883 8610 | 0100 0001 | 4c8b 8424 | a800 0000 | 4889 8424 
  0x000001f42568b548: 1001 0000 

  0x000001f42568b54c: ;   {optimized virtual_call}
  0x000001f42568b54c: 6666 90e8 

  0x000001f42568b550: ; ImmutableOopMap {[160]=Oop [168]=Oop [272]=Oop }
                      ;*invokevirtual getLock {reexecute=0 rethrow=0 return_oop=0}
                      ; - org.eclipse.osgi.internal.loader.ModuleClassLoader::getClassLoadingLock@5 (line 437)
                      ; - org.eclipse.osgi.internal.loader.ModuleClassLoader::publicFindLoaded@2 (line 323)
                      ; - org.eclipse.osgi.internal.loader.BundleLoader::findClass0@235 (line 507)
  0x000001f42568b550: 2c32 2307 

  0x000001f42568b554: ;   {other}
  0x000001f42568b554: 0f1f 8400 | 442a 001e | 4889 8424 | 1801 0000 | 488d 9424 | 4801 0000 | 488b f048 | 8972 0848 
  0x000001f42568b574: 8b06 4883 | c801 4889 | 02f0 480f | b116 0f84 | 1200 0000 | 482b c448 | 2507 f0ff | ff48 8902 
  0x000001f42568b594: 0f85 151f | 0000 49ff | 8748 0500 | 0048 8b94 | 2410 0100 

  0x000001f42568b5a8: ;   {metadata(method data for {method} {0x000001f400622558} 'publicFindLoaded' '(Ljava/lang/String;)Ljava/lang/Class;' in 'org/eclipse/osgi/internal/loader/ModuleClassLoader')}
  0x000001f42568b5a8: 0048 bed8 | 6d91 00f4 | 0100 0048 | 8386 4801 

  0x000001f42568b5b8: ;   {metadata(method data for {method} {0x000001f4394372b0} 'findLoadedClass' '(Ljava/lang/String;)Ljava/lang/Class;' in 'java/lang/ClassLoader')}
  0x000001f42568b5b8: 0000 0148 | ba40 d823 | 00f4 0100 | 008b b2cc | 0000 0083 | c602 89b2 | cc00 0000 | 81e6 feff 
  0x000001f42568b5d8: 1f00 85f6 | 0f84 e01e 

  0x000001f42568b5e0: ;   {metadata(method data for {method} {0x000001f4394372b0} 'findLoadedClass' '(Ljava/lang/String;)Ljava/lang/Class;' in 'java/lang/ClassLoader')}
  0x000001f42568b5e0: 0000 48ba | 40d8 2300 | f401 0000 | 4883 8210 | 0100 0001 | 488b 9424 | a800 0000 

  0x000001f42568b5fc: ;   {static_call}
  0x000001f42568b5fc: 6666 90e8 

  0x000001f42568b600: ; ImmutableOopMap {[160]=Oop [168]=Oop [272]=Oop [280]=Oop [336]=Oop }
                      ;*invokestatic checkName {reexecute=0 rethrow=0 return_oop=0}
                      ; - java.lang.ClassLoader::findLoadedClass@1
                      ; - org.eclipse.osgi.internal.loader.ModuleClassLoader::publicFindLoaded@10 (line 324)
                      ; - org.eclipse.osgi.internal.loader.BundleLoader::findClass0@235 (line 507)
  0x000001f42568b600: 7c37 2307 

  0x000001f42568b604: ;   {other}
  0x000001f42568b604: 0f1f 8400 | f42a 001f 

  0x000001f42568b60c: ;   {metadata(method data for {method} {0x000001f4394372b0} 'findLoadedClass' '(Ljava/lang/String;)Ljava/lang/Class;' in 'java/lang/ClassLoader')}
  0x000001f42568b60c: 85c0 49b8 | 40d8 2300 | f401 0000 | 48c7 c220 | 0100 0075 | 0748 c7c2 | 3001 0000 | 498b 3410 
  0x000001f42568b62c: 488d 7601 | 4989 3410 | 0f85 0f00 

  0x000001f42568b638: ;   {oop(nullptr)}
  0x000001f42568b638: 0000 48be | 0000 0000 | 0000 0000 | e93e 0000 | 0048 8b84 | 2410 0100 | 004c 8bc0 

  0x000001f42568b654: ;   {metadata(method data for {method} {0x000001f4394372b0} 'findLoadedClass' '(Ljava/lang/String;)Ljava/lang/Class;' in 'java/lang/ClassLoader')}
  0x000001f42568b654: 48ba 40d8 | 2300 f401 | 0000 4883 | 8240 0100 | 0001 4c8b | 8424 a800 | 0000 488b | d066 0f1f 
  0x000001f42568b674: ;   {optimized virtual_call}
  0x000001f42568b674: 4400 00e8 

  0x000001f42568b678: ; ImmutableOopMap {[160]=Oop [168]=Oop [280]=Oop [336]=Oop }
                      ;*invokevirtual findLoadedClass0 {reexecute=0 rethrow=0 return_oop=0}
                      ; - java.lang.ClassLoader::findLoadedClass@11
                      ; - org.eclipse.osgi.internal.loader.ModuleClassLoader::publicFindLoaded@10 (line 324)
                      ; - org.eclipse.osgi.internal.loader.BundleLoader::findClass0@235 (line 507)
  0x000001f42568b678: 0431 2307 

  0x000001f42568b67c: ;   {other}
  0x000001f42568b67c: 0f1f 8400 | 6c2b 0020 | 488b f048 | 8d84 2448 | 0100 004c | 8b00 4d85 | c00f 840f | 0000 004c 
  0x000001f42568b69c: 8b48 08f0 | 4d0f b101 | 0f85 391e | 0000 49ff | 8f48 0500 | 0048 8bc6 

  0x000001f42568b6b4: ;   {metadata(method data for {method} {0x000001f400588a20} 'findClass0' '(Ljava/lang/String;ZZ)Ljava/lang/Class;' in 'org/eclipse/osgi/internal/loader/BundleLoader')}
  0x000001f42568b6b4: 4885 c049 | b860 4b91 | 00f4 0100 | 0049 c7c1 | 0007 0000 | 7407 49c7 | c110 0700 | 004b 8b14 
  0x000001f42568b6d4: 0848 8d52 | 014b 8914 | 080f 84e6 | 1400 0048 | 81c4 6001 

  0x000001f42568b6e8: ;   {poll_return}
  0x000001f42568b6e8: 0000 5d49 | 3ba7 4804 | 0000 0f87 | 011e 0000 

  0x000001f42568b6f8: ;   {metadata(method data for {method} {0x000001f400588a20} 'findClass0' '(Ljava/lang/String;ZZ)Ljava/lang/Class;' in 'org/eclipse/osgi/internal/loader/BundleLoader')}
  0x000001f42568b6f8: c349 b860 | 4b91 00f4 | 0100 0049 | 8380 3007 | 0000 014c | 8b84 24d0 

  0x000001f42568b710: ;   {oop(nullptr)}
  0x000001f42568b710: 0000 0049 | b900 0000 | 0000 0000 | 0048 8b94 | 24a0 0000 

  0x000001f42568b724: ;   {optimized virtual_call}
  0x000001f42568b724: 0066 90e8 

  0x000001f42568b728: ; ImmutableOopMap {[160]=Oop [168]=Oop [208]=Oop [224]=Oop }
                      ;*invokespecial findRequiredSource {reexecute=0 rethrow=0 return_oop=0}
                      ; - org.eclipse.osgi.internal.loader.BundleLoader::findClass0@259 (line 514)
  0x000001f42568b728: 94a0 0100 

  0x000001f42568b72c: ;   {other}
  0x000001f42568b72c: 0f1f 8400 | 1c2c 0021 | 4889 8424 | 2801 0000 

  0x000001f42568b73c: ;   {metadata(method data for {method} {0x000001f400588a20} 'findClass0' '(Ljava/lang/String;ZZ)Ljava/lang/Class;' in 'org/eclipse/osgi/internal/loader/BundleLoader')}
  0x000001f42568b73c: 4885 c048 | ba60 4b91 | 00f4 0100 | 0048 c7c6 | 5007 0000 | 7507 48c7 | c640 0700 | 0048 8b3c 
  0x000001f42568b75c: 3248 8d7f | 0148 893c | 320f 850d | 0000 0048 | 8bb4 24e0 | 0000 00e9 | ef0a 0000 | 488b 9424 
  0x000001f42568b77c: a000 0000 | 8b5a 1848 | 899c 2430 | 0100 000f | be73 0e85 

  0x000001f42568b790: ;   {metadata(method data for {method} {0x000001f400588a20} 'findClass0' '(Ljava/lang/String;ZZ)Ljava/lang/Class;' in 'org/eclipse/osgi/internal/loader/BundleLoader')}
  0x000001f42568b790: f648 be60 | 4b91 00f4 | 0100 0048 | c7c7 6007 | 0000 7407 | 48c7 c770 | 0700 0048 | 8b0c 3e48 
  0x000001f42568b7b0: 8d49 0148 | 890c 3e0f | 84e7 0900 | 0066 6690 

  0x000001f42568b7c0: ;   {no_reloc}
  0x000001f42568b7c0: e95e 1d00 | 0000 0000 | 0000 498b | 87b8 0100 | 0048 8d78 | 1849 3bbf | c801 0000 | 0f87 4b1d 
  0x000001f42568b7e0: 0000 4989 | bfb8 0100 | 0048 c700 | 0100 0000 | 488b ca49 | ba00 0000 | 39f4 0100 | 0049 2bca 
  0x000001f42568b800: 8948 0848 | 33c9 8948 | 0c48 33c9 | 4889 4810 

  0x000001f42568b810: ;   {metadata(method data for {method} {0x000001f400588a20} 'findClass0' '(Ljava/lang/String;ZZ)Ljava/lang/Class;' in 'org/eclipse/osgi/internal/loader/BundleLoader')}
  0x000001f42568b810: 4c8b c048 | ba60 4b91 | 00f4 0100 | 0048 8382 | 8007 0000 

  0x000001f42568b824: ;   {metadata(method data for {method} {0x000001f439463b60} '<init>' '(Ljava/lang/String;)V' in 'java/lang/StringBuilder')}
  0x000001f42568b824: 0149 b8a0 | 1630 00f4 | 0100 0041 | 8b90 cc00 | 0000 83c2 | 0241 8990 | cc00 0000 | 81e2 feff 
  0x000001f42568b844: 1f00 85d2 | 0f84 ec1c | 0000 4c8b 

  0x000001f42568b850: ;   {metadata(method data for {method} {0x000001f439463b60} '<init>' '(Ljava/lang/String;)V' in 'java/lang/StringBuilder')}
  0x000001f42568b850: c048 baa0 | 1630 00f4 | 0100 0048 | 8382 1001 

  0x000001f42568b860: ;   {oop("BundleLoader["{0x00000000d5692388})}
  0x000001f42568b860: 0000 0149 | b888 2369 | d500 0000 | 0048 8bd0 | 4889 8424 | 2001 0000 | 0f1f 8000 

  0x000001f42568b87c: ;   {optimized virtual_call}
  0x000001f42568b87c: 0000 00e8 

  0x000001f42568b880: ; ImmutableOopMap {[160]=Oop [168]=Oop [208]=Oop [288]=Oop [296]=Oop [304]=Oop }
                      ;*invokespecial <init> {reexecute=0 rethrow=0 return_oop=0}
                      ; - java.lang.StringBuilder::<init>@2
                      ; - org.eclipse.osgi.internal.loader.BundleLoader::findClass0@293 (line 518)
  0x000001f42568b880: fc2e 2307 

  0x000001f42568b884: ;   {other}
  0x000001f42568b884: 0f1f 8400 | 742d 0022 | 488b 8424 | 2001 0000 

  0x000001f42568b894: ;   {metadata(method data for {method} {0x000001f400588a20} 'findClass0' '(Ljava/lang/String;ZZ)Ljava/lang/Class;' in 'org/eclipse/osgi/internal/loader/BundleLoader')}
  0x000001f42568b894: 48ba 604b | 9100 f401 | 0000 4883 | 8290 0700 

  0x000001f42568b8a4: ;   {metadata(method data for {method} {0x000001f4394638f8} 'append' '(Ljava/lang/Object;)Ljava/lang/StringBuilder;' in 'java/lang/StringBuilder')}
  0x000001f42568b8a4: 0001 48ba | b831 0a00 | f401 0000 | 8bb2 cc00 | 0000 83c6 | 0289 b2cc | 0000 0081 | e6fe ff1f 
  0x000001f42568b8c4: 0085 f60f | 848e 1c00 

  0x000001f42568b8cc: ;   {metadata(method data for {method} {0x000001f4394638f8} 'append' '(Ljava/lang/Object;)Ljava/lang/StringBuilder;' in 'java/lang/StringBuilder')}
  0x000001f42568b8cc: 0048 bab8 | 310a 00f4 | 0100 0048 | 8382 1001 

  0x000001f42568b8dc: ;   {metadata(method data for {method} {0x000001f439457080} 'valueOf' '(Ljava/lang/Object;)Ljava/lang/String;' in 'java/lang/String')}
  0x000001f42568b8dc: 0000 0148 | ba58 330a | 00f4 0100 | 008b b2cc | 0000 0083 | c602 89b2 | cc00 0000 | 81e6 feff 
  0x000001f42568b8fc: 1f00 85f6 | 0f84 761c 

  0x000001f42568b904: ;   {metadata(method data for {method} {0x000001f439457080} 'valueOf' '(Ljava/lang/Object;)Ljava/lang/String;' in 'java/lang/String')}
  0x000001f42568b904: 0000 48ba | 5833 0a00 | f401 0000 | ff82 1001 | 0000 488b | 9424 a000 

  0x000001f42568b91c: ;   {metadata(method data for {method} {0x000001f439457080} 'valueOf' '(Ljava/lang/Object;)Ljava/lang/String;' in 'java/lang/String')}
  0x000001f42568b91c: 0000 48be | 5833 0a00 | f401 0000 | 8b52 0849 | ba00 0000 | 39f4 0100 | 0049 03d2 | 483b 9658 
  0x000001f42568b93c: 0100 0075 | 0d48 8386 | 6001 0000 | 01e9 6000 | 0000 483b | 9668 0100 | 0075 0d48 | 8386 7001 
  0x000001f42568b95c: 0000 01e9 | 4a00 0000 | 4883 be58 | 0100 0000 | 7517 4889 | 9658 0100 | 0048 c786 | 6001 0000 
  0x000001f42568b97c: 0100 0000 | e929 0000 | 0048 83be | 6801 0000 | 0075 1748 | 8996 6801 | 0000 48c7 | 8670 0100 
  0x000001f42568b99c: 0001 0000 | 00e9 0800 | 0000 4883 | 8648 0100 | 0001 488b | 9424 a000 

  0x000001f42568b9b4: ;   {optimized virtual_call}
  0x000001f42568b9b4: 0000 90e8 

  0x000001f42568b9b8: ; ImmutableOopMap {[160]=Oop [168]=Oop [208]=Oop [288]=Oop [296]=Oop [304]=Oop }
                      ;*invokevirtual toString {reexecute=0 rethrow=0 return_oop=0}
                      ; - java.lang.String::valueOf@11
                      ; - java.lang.StringBuilder::append@2
                      ; - org.eclipse.osgi.internal.loader.BundleLoader::findClass0@297 (line 518)
  0x000001f42568b9b8: c42d 2307 

  0x000001f42568b9bc: ;   {other}
  0x000001f42568b9bc: 0f1f 8400 | ac2e 0023 | 4c8b 8424 | 2001 0000 

  0x000001f42568b9cc: ;   {metadata(method data for {method} {0x000001f4394638f8} 'append' '(Ljava/lang/Object;)Ljava/lang/StringBuilder;' in 'java/lang/StringBuilder')}
  0x000001f42568b9cc: 48ba b831 | 0a00 f401 | 0000 4883 | 8220 0100 

  0x000001f42568b9dc: ;   {metadata(method data for {method} {0x000001f4394638a0} 'append' '(Ljava/lang/String;)Ljava/lang/StringBuilder;' in 'java/lang/StringBuilder')}
  0x000001f42568b9dc: 0001 49b8 | d0b1 0000 | f401 0000 | 418b 90cc | 0000 0083 | c202 4189 | 90cc 0000 | 0081 e2fe 
  0x000001f42568b9fc: ff1f 0085 | d20f 8496 | 1b00 004c | 8b84 2420 

  0x000001f42568ba0c: ;   {metadata(method data for {method} {0x000001f4394638a0} 'append' '(Ljava/lang/String;)Ljava/lang/StringBuilder;' in 'java/lang/StringBuilder')}
  0x000001f42568ba0c: 0100 0048 | bad0 b100 | 00f4 0100 | 0048 8382 | 1001 0000 | 014c 8bc0 | 488b 9424 | 2001 0000 
  0x000001f42568ba2c: ;   {optimized virtual_call}
  0x000001f42568ba2c: 6666 90e8 

  0x000001f42568ba30: ; ImmutableOopMap {[160]=Oop [168]=Oop [208]=Oop [288]=Oop [296]=Oop [304]=Oop }
                      ;*invokespecial append {reexecute=0 rethrow=0 return_oop=0}
                      ; - java.lang.StringBuilder::append@2
                      ; - java.lang.StringBuilder::append@5
                      ; - org.eclipse.osgi.internal.loader.BundleLoader::findClass0@297 (line 518)
  0x000001f42568ba30: 4c2d 2307 

  0x000001f42568ba34: ;   {other}
  0x000001f42568ba34: 0f1f 8400 | 242f 0024 | 4c8b 8424 | 2001 0000 

  0x000001f42568ba44: ;   {metadata(method data for {method} {0x000001f400588a20} 'findClass0' '(Ljava/lang/String;ZZ)Ljava/lang/Class;' in 'org/eclipse/osgi/internal/loader/BundleLoader')}
  0x000001f42568ba44: 48ba 604b | 9100 f401 | 0000 4883 | 82c8 0700 

  0x000001f42568ba54: ;   {metadata(method data for {method} {0x000001f4394638a0} 'append' '(Ljava/lang/String;)Ljava/lang/StringBuilder;' in 'java/lang/StringBuilder')}
  0x000001f42568ba54: 0001 49b8 | d0b1 0000 | f401 0000 | 418b 90cc | 0000 0083 | c202 4189 | 90cc 0000 | 0081 e2fe 
  0x000001f42568ba74: ff1f 0085 | d20f 843f | 1b00 004c | 8b84 2420 

  0x000001f42568ba84: ;   {metadata(method data for {method} {0x000001f4394638a0} 'append' '(Ljava/lang/String;)Ljava/lang/StringBuilder;' in 'java/lang/StringBuilder')}
  0x000001f42568ba84: 0100 0048 | bad0 b100 | 00f4 0100 | 0048 8382 | 1001 0000 

  0x000001f42568ba98: ;   {oop("] loading from required bundle package: "{0x00000000d5692608})}
  0x000001f42568ba98: 0149 b808 | 2669 d500 | 0000 0048 | 8b94 2420 | 0100 000f 

  0x000001f42568baac: ;   {optimized virtual_call}
  0x000001f42568baac: 1f40 00e8 

  0x000001f42568bab0: ; ImmutableOopMap {[160]=Oop [168]=Oop [208]=Oop [288]=Oop [296]=Oop [304]=Oop }
                      ;*invokespecial append {reexecute=0 rethrow=0 return_oop=0}
                      ; - java.lang.StringBuilder::append@2
                      ; - org.eclipse.osgi.internal.loader.BundleLoader::findClass0@303 (line 518)
  0x000001f42568bab0: cc2c 2307 

  0x000001f42568bab4: ;   {other}
  0x000001f42568bab4: 0f1f 8400 | a42f 0025 | 488b 8424 | 2001 0000 

  0x000001f42568bac4: ;   {metadata(method data for {method} {0x000001f400588a20} 'findClass0' '(Ljava/lang/String;ZZ)Ljava/lang/Class;' in 'org/eclipse/osgi/internal/loader/BundleLoader')}
  0x000001f42568bac4: 48ba 604b | 9100 f401 | 0000 4883 | 8200 0800 

  0x000001f42568bad4: ;   {metadata(method data for {method} {0x000001f4394638f8} 'append' '(Ljava/lang/Object;)Ljava/lang/StringBuilder;' in 'java/lang/StringBuilder')}
  0x000001f42568bad4: 0001 48ba | b831 0a00 | f401 0000 | 8bb2 cc00 | 0000 83c6 | 0289 b2cc | 0000 0081 | e6fe ff1f 
  0x000001f42568baf4: 0085 f60f | 84e2 1a00 

  0x000001f42568bafc: ;   {metadata(method data for {method} {0x000001f4394638f8} 'append' '(Ljava/lang/Object;)Ljava/lang/StringBuilder;' in 'java/lang/StringBuilder')}
  0x000001f42568bafc: 0048 bab8 | 310a 00f4 | 0100 0048 | 8382 1001 

  0x000001f42568bb0c: ;   {metadata(method data for {method} {0x000001f439457080} 'valueOf' '(Ljava/lang/Object;)Ljava/lang/String;' in 'java/lang/String')}
  0x000001f42568bb0c: 0000 0148 | ba58 330a | 00f4 0100 | 008b b2cc | 0000 0083 | c602 89b2 | cc00 0000 | 81e6 feff 
  0x000001f42568bb2c: 1f00 85f6 | 0f84 ca1a | 0000 488b | 8424 2801 | 0000 4885 

  0x000001f42568bb40: ;   {metadata(method data for {method} {0x000001f439457080} 'valueOf' '(Ljava/lang/Object;)Ljava/lang/String;' in 'java/lang/String')}
  0x000001f42568bb40: c048 ba58 | 330a 00f4 | 0100 0048 | c7c6 1001 | 0000 7507 | 48c7 c620 | 0100 0048 | 8b3c 3248 
  0x000001f42568bb60: 8d7f 0148 | 893c 320f | 851f 0000 

  0x000001f42568bb6c: ;   {metadata(method data for {method} {0x000001f439457080} 'valueOf' '(Ljava/lang/Object;)Ljava/lang/String;' in 'java/lang/String')}
  0x000001f42568bb6c: 0048 ba58 | 330a 00f4 | 0100 00ff | 8230 0100 

  0x000001f42568bb7c: ;   {oop("null"{0x0000000080000748})}
  0x000001f42568bb7c: 0048 be48 | 0700 8000 | 0000 00e9 | ab00 0000 

  0x000001f42568bb8c: ; implicit exception: dispatches to 0x000001f42568d621
  0x000001f42568bb8c: 483b 0048 

  0x000001f42568bb90: ;   {metadata(method data for {method} {0x000001f439457080} 'valueOf' '(Ljava/lang/Object;)Ljava/lang/String;' in 'java/lang/String')}
  0x000001f42568bb90: 8bd0 48be | 5833 0a00 | f401 0000 | 8b52 0849 | ba00 0000 | 39f4 0100 | 0049 03d2 | 483b 9658 
  0x000001f42568bbb0: 0100 0075 | 0d48 8386 | 6001 0000 | 01e9 6000 | 0000 483b | 9668 0100 | 0075 0d48 | 8386 7001 
  0x000001f42568bbd0: 0000 01e9 | 4a00 0000 | 4883 be58 | 0100 0000 | 7517 4889 | 9658 0100 | 0048 c786 | 6001 0000 
  0x000001f42568bbf0: 0100 0000 | e929 0000 | 0048 83be | 6801 0000 | 0075 1748 | 8996 6801 | 0000 48c7 | 8670 0100 
  0x000001f42568bc10: 0001 0000 | 00e9 0800 | 0000 4883 | 8648 0100 | 0001 488b 

  0x000001f42568bc24: ;   {optimized virtual_call}
  0x000001f42568bc24: d066 90e8 

  0x000001f42568bc28: ; ImmutableOopMap {[160]=Oop [168]=Oop [208]=Oop [288]=Oop [296]=Oop [304]=Oop }
                      ;*invokevirtual toString {reexecute=0 rethrow=0 return_oop=0}
                      ; - java.lang.String::valueOf@11
                      ; - java.lang.StringBuilder::append@2
                      ; - org.eclipse.osgi.internal.loader.BundleLoader::findClass0@308 (line 518)
  0x000001f42568bc28: 542b 2307 

  0x000001f42568bc2c: ;   {other}
  0x000001f42568bc2c: 0f1f 8400 | 1c31 0026 | 488b f048 | 8b84 2420 

  0x000001f42568bc3c: ;   {metadata(method data for {method} {0x000001f4394638f8} 'append' '(Ljava/lang/Object;)Ljava/lang/StringBuilder;' in 'java/lang/StringBuilder')}
  0x000001f42568bc3c: 0100 0049 | b8b8 310a | 00f4 0100 | 0049 8380 | 2001 0000 

  0x000001f42568bc50: ;   {metadata(method data for {method} {0x000001f4394638a0} 'append' '(Ljava/lang/String;)Ljava/lang/StringBuilder;' in 'java/lang/StringBuilder')}
  0x000001f42568bc50: 0149 b8d0 | b100 00f4 | 0100 0041 | 8b90 cc00 | 0000 83c2 | 0241 8990 | cc00 0000 | 81e2 feff 
  0x000001f42568bc70: 1f00 85d2 | 0f84 ac19 | 0000 488b | 8424 2001 

  0x000001f42568bc80: ;   {metadata(method data for {method} {0x000001f4394638a0} 'append' '(Ljava/lang/String;)Ljava/lang/StringBuilder;' in 'java/lang/StringBuilder')}
  0x000001f42568bc80: 0000 49b8 | d0b1 0000 | f401 0000 | 4983 8010 | 0100 0001 | 4c8b c648 | 8b94 2420 

  0x000001f42568bc9c: ;   {optimized virtual_call}
  0x000001f42568bc9c: 0100 00e8 

  0x000001f42568bca0: ; ImmutableOopMap {[160]=Oop [168]=Oop [208]=Oop [288]=Oop [296]=Oop [304]=Oop }
                      ;*invokespecial append {reexecute=0 rethrow=0 return_oop=0}
                      ; - java.lang.StringBuilder::append@2
                      ; - java.lang.StringBuilder::append@5
                      ; - org.eclipse.osgi.internal.loader.BundleLoader::findClass0@308 (line 518)
  0x000001f42568bca0: dc2a 2307 

  0x000001f42568bca4: ;   {other}
  0x000001f42568bca4: 0f1f 8400 | 9431 0027 | 4c8b 8424 | 2001 0000 

  0x000001f42568bcb4: ;   {metadata(method data for {method} {0x000001f400588a20} 'findClass0' '(Ljava/lang/String;ZZ)Ljava/lang/Class;' in 'org/eclipse/osgi/internal/loader/BundleLoader')}
  0x000001f42568bcb4: 498b c048 | ba60 4b91 | 00f4 0100 | 0048 8382 | 3808 0000 

  0x000001f42568bcc8: ;   {metadata(method data for {method} {0x000001f439008b50} 'toString' '()Ljava/lang/String;' in 'java/lang/StringBuilder')}
  0x000001f42568bcc8: 0148 ba28 | b900 00f4 | 0100 008b | b2cc 0000 | 0083 c602 | 89b2 cc00 | 0000 81e6 | feff 1f00 
  0x000001f42568bce8: 85f6 0f84 | 5719 0000 

  0x000001f42568bcf0: ;   {metadata('java/lang/String')}
  0x000001f42568bcf0: 48ba 70ea | 0039 f401 | 0000 498b | 87b8 0100 | 0048 8d78 | 1849 3bbf | c801 0000 | 0f87 5619 
  0x000001f42568bd10: 0000 4989 | bfb8 0100 | 0048 c700 | 0100 0000 | 488b ca49 | ba00 0000 | 39f4 0100 | 0049 2bca 
  0x000001f42568bd30: 8948 0848 | 33c9 8948 | 0c48 33c9 | 4889 4810 

  0x000001f42568bd40: ;   {metadata(method data for {method} {0x000001f439008b50} 'toString' '()Ljava/lang/String;' in 'java/lang/StringBuilder')}
  0x000001f42568bd40: 4c8b c848 | ba28 b900 | 00f4 0100 | 0048 8382 | 1001 0000 

  0x000001f42568bd54: ;   {metadata(method data for {method} {0x000001f439457bd8} '<init>' '(Ljava/lang/StringBuilder;)V' in 'java/lang/String')}
  0x000001f42568bd54: 0149 b9a0 | ba00 00f4 | 0100 0041 | 8b91 cc00 | 0000 83c2 | 0241 8991 | cc00 0000 | 81e2 feff 
  0x000001f42568bd74: 1f00 85d2 | 0f84 f718 | 0000 4c8b 

  0x000001f42568bd80: ;   {metadata(method data for {method} {0x000001f439457bd8} '<init>' '(Ljava/lang/StringBuilder;)V' in 'java/lang/String')}
  0x000001f42568bd80: c848 baa0 | ba00 00f4 | 0100 0048 | 8382 1001 

  0x000001f42568bd90: ;   {oop(nullptr)}
  0x000001f42568bd90: 0000 0149 | b900 0000 | 0000 0000 | 0048 8bd0 | 4889 8424 | 3801 0000 | 0f1f 8000 

  0x000001f42568bdac: ;   {optimized virtual_call}
  0x000001f42568bdac: 0000 00e8 

  0x000001f42568bdb0: ; ImmutableOopMap {[160]=Oop [168]=Oop [208]=Oop [296]=Oop [304]=Oop [312]=Oop }
                      ;*invokespecial <init> {reexecute=0 rethrow=0 return_oop=0}
                      ; - java.lang.String::<init>@3
                      ; - java.lang.StringBuilder::toString@5
                      ; - org.eclipse.osgi.internal.loader.BundleLoader::findClass0@311 (line 518)
  0x000001f42568bdb0: cc29 2307 

  0x000001f42568bdb4: ;   {other}
  0x000001f42568bdb4: 0f1f 8400 | a432 0028 | 488b 9c24 | 3001 0000 

  0x000001f42568bdc4: ;   {metadata(method data for {method} {0x000001f400588a20} 'findClass0' '(Ljava/lang/String;ZZ)Ljava/lang/Class;' in 'org/eclipse/osgi/internal/loader/BundleLoader')}
  0x000001f42568bdc4: 49b8 604b | 9100 f401 

  0x000001f42568bdcc: ;   {metadata('org/eclipse/osgi/internal/debug/Debug')}
  0x000001f42568bdcc: 0000 49ba | 8009 093a | f401 0000 | 4d89 9080 | 0800 0049 | 8380 8808 

  0x000001f42568bde4: ;   {metadata(method data for {method} {0x000001f4004e2040} 'trace' '(Ljava/lang/String;Ljava/lang/String;)V' in 'org/eclipse/osgi/internal/debug/Debug')}
  0x000001f42568bde4: 0000 0149 | b880 1878 | 00f4 0100 | 0045 8b88 | cc00 0000 | 4183 c102 | 4589 88cc | 0000 0041 
  0x000001f42568be04: 81e1 feff | 1f00 4585 | c90f 8483 | 1800 0048 | 8b9c 2430 | 0100 008b | 5320 4885 

  0x000001f42568be20: ;   {metadata(method data for {method} {0x000001f4004e2040} 'trace' '(Ljava/lang/String;Ljava/lang/String;)V' in 'org/eclipse/osgi/internal/debug/Debug')}
  0x000001f42568be20: d249 b880 | 1878 00f4 | 0100 0049 | c7c1 1001 | 0000 7407 | 49c7 c120 | 0100 004b | 8b34 0848 
  0x000001f42568be40: 8d76 014b | 8934 080f | 84fd 0200 | 0048 85d2 | 0f84 2900 

  0x000001f42568be54: ;   {metadata('org/eclipse/osgi/internal/log/ExtendedLogServiceImpl')}
  0x000001f42568be54: 0000 48bf | 2856 093a | f401 0000 | 8b72 0849 | ba00 0000 | 39f4 0100 | 0049 03f2 | 483b 7e38 
  0x000001f42568be74: 0f85 3d18 | 0000 e900 | 0000 004c | 8bc2 483b | 024c 8bc2 

  0x000001f42568be88: ;   {metadata(method data for {method} {0x000001f4004e2040} 'trace' '(Ljava/lang/String;Ljava/lang/String;)V' in 'org/eclipse/osgi/internal/debug/Debug')}
  0x000001f42568be88: 49b9 8018 | 7800 f401 

  0x000001f42568be90: ;   {metadata('org/eclipse/osgi/internal/log/ExtendedLogServiceImpl')}
  0x000001f42568be90: 0000 49ba | 2856 093a | f401 0000 | 4d89 9140 | 0100 0049 | 8381 4801 

  0x000001f42568bea8: ;   {metadata(method data for {method} {0x000001f400509208} 'getLogger' '(Ljava/lang/String;)Lorg/osgi/service/log/Logger;' in 'org/eclipse/osgi/internal/log/ExtendedLogServiceImpl')}
  0x000001f42568bea8: 0000 0149 | b8c0 1a78 | 00f4 0100 | 0045 8b88 | cc00 0000 | 4183 c102 | 4589 88cc | 0000 0041 
  0x000001f42568bec8: 81e1 feff | 1f00 4585 | c90f 84ea | 1700 004c 

  0x000001f42568bed8: ;   {metadata(method data for {method} {0x000001f400509208} 'getLogger' '(Ljava/lang/String;)Lorg/osgi/service/log/Logger;' in 'org/eclipse/osgi/internal/log/ExtendedLogServiceImpl')}
  0x000001f42568bed8: 8bc2 49b9 | c01a 7800 | f401 0000 

  0x000001f42568bee4: ;   {metadata('org/eclipse/osgi/internal/log/ExtendedLogServiceImpl')}
  0x000001f42568bee4: 49ba 2856 | 093a f401 | 0000 4d89 | 9120 0100 | 0049 8381 | 2801 0000 

  0x000001f42568befc: ;   {metadata(method data for {method} {0x000001f400506a80} 'getLogger' '(Ljava/lang/String;)Lorg/eclipse/equinox/log/Logger;' in 'org/eclipse/osgi/internal/log/ExtendedLogServiceImpl')}
  0x000001f42568befc: 0149 b850 | 1c78 00f4 | 0100 0045 | 8b88 cc00 | 0000 4183 | c102 4589 | 88cc 0000 | 0041 81e1 
  0x000001f42568bf1c: feff 1f00 | 4585 c90f | 84b9 1700 | 004c 8bc2 

  0x000001f42568bf2c: ;   {metadata(method data for {method} {0x000001f400506a80} 'getLogger' '(Ljava/lang/String;)Lorg/eclipse/equinox/log/Logger;' in 'org/eclipse/osgi/internal/log/ExtendedLogServiceImpl')}
  0x000001f42568bf2c: 49b9 501c | 7800 f401 

  0x000001f42568bf34: ;   {metadata('org/eclipse/osgi/internal/log/ExtendedLogServiceImpl')}
  0x000001f42568bf34: 0000 49ba | 2856 093a | f401 0000 | 4d89 9120 | 0100 0049 | 8381 2801 

  0x000001f42568bf4c: ;   {oop("org.eclipse.osgi/debug/loader"{0x00000000d759be00})}
  0x000001f42568bf4c: 0000 0149 | b800 be59 | d700 0000 

  0x000001f42568bf58: ;   {oop(a 'java/lang/Class'{0x00000000d72e0570} = 'org/osgi/service/log/Logger')}
  0x000001f42568bf58: 0049 b970 | 052e d700 | 0000 000f 

  0x000001f42568bf64: ;   {optimized virtual_call}
  0x000001f42568bf64: 1f40 00e8 

  0x000001f42568bf68: ; ImmutableOopMap {[160]=Oop [168]=Oop [208]=Oop [296]=Oop [312]=Oop }
                      ;*invokevirtual getLogger {reexecute=0 rethrow=0 return_oop=0}
                      ; - org.eclipse.osgi.internal.log.ExtendedLogServiceImpl::getLogger@4 (line 73)
                      ; - org.eclipse.osgi.internal.log.ExtendedLogServiceImpl::getLogger@2 (line 1)
                      ; - org.eclipse.osgi.internal.debug.Debug::trace@11 (line 230)
                      ; - org.eclipse.osgi.internal.loader.BundleLoader::findClass0@314 (line 517)
  0x000001f42568bf68: 1428 2307 

  0x000001f42568bf6c: ;   {other}
  0x000001f42568bf6c: 0f1f 8400 | 5c34 0029 | 4885 c075 

  0x000001f42568bf78: ;   {metadata(method data for {method} {0x000001f400506a80} 'getLogger' '(Ljava/lang/String;)Lorg/eclipse/equinox/log/Logger;' in 'org/eclipse/osgi/internal/log/ExtendedLogServiceImpl')}
  0x000001f42568bf78: 1648 be50 | 1c78 00f4 | 0100 0080 | 8e41 0100 | 0001 e9e7 

  0x000001f42568bf8c: ;   {metadata('org/eclipse/equinox/log/Logger')}
  0x000001f42568bf8c: 0000 0048 | bfe0 2909 | 3af4 0100 | 008b 7008 | 49ba 0000 | 0039 f401 | 0000 4903 | f248 3b7e 
  0x000001f42568bfac: 200f 841a | 0000 0048 | 3bf7 0f84 | 1100 0000 

  0x000001f42568bfbc: ;   {runtime_call slow_subtype_check Runtime1 stub}
  0x000001f42568bfbc: 5657 e8bd | 752e 075e | 5e85 f60f | 848d 0000 

  0x000001f42568bfcc: ;   {metadata(method data for {method} {0x000001f400506a80} 'getLogger' '(Ljava/lang/String;)Lorg/eclipse/equinox/log/Logger;' in 'org/eclipse/osgi/internal/log/ExtendedLogServiceImpl')}
  0x000001f42568bfcc: 0048 be50 | 1c78 00f4 | 0100 008b | 7808 49ba | 0000 0039 | f401 0000 | 4903 fa48 | 3bbe 5801 
  0x000001f42568bfec: 0000 750d | 4883 8660 | 0100 0001 | e979 0000 | 0048 3bbe | 6801 0000 | 750d 4883 | 8670 0100 
  0x000001f42568c00c: 0001 e963 | 0000 0048 | 83be 5801 | 0000 0075 | 1748 89be | 5801 0000 | 48c7 8660 | 0100 0001 
  0x000001f42568c02c: 0000 00e9 | 4200 0000 | 4883 be68 | 0100 0000 | 7517 4889 | be68 0100 | 0048 c786 | 7001 0000 
  0x000001f42568c04c: 0100 0000 | e921 0000 | 00e9 1c00 

  0x000001f42568c058: ;   {metadata(method data for {method} {0x000001f400506a80} 'getLogger' '(Ljava/lang/String;)Lorg/eclipse/equinox/log/Logger;' in 'org/eclipse/osgi/internal/log/ExtendedLogServiceImpl')}
  0x000001f42568c058: 0000 48be | 501c 7800 | f401 0000 | 4883 ae48 | 0100 0001 | e992 1600 | 00e9 0000 | 0000 488b 
  0x000001f42568c078: d048 3b02 

  0x000001f42568c07c: ;   {metadata(method data for {method} {0x000001f4004e2040} 'trace' '(Ljava/lang/String;Ljava/lang/String;)V' in 'org/eclipse/osgi/internal/debug/Debug')}
  0x000001f42568c07c: 4c8b c248 | be80 1878 | 00f4 0100 | 0045 8b40 | 0849 ba00 | 0000 39f4 | 0100 004d | 03c2 4c3b 
  0x000001f42568c09c: 8678 0100 | 0075 0d48 | 8386 8001 | 0000 01e9 | 6000 0000 | 4c3b 8688 | 0100 0075 | 0d48 8386 
  0x000001f42568c0bc: 9001 0000 | 01e9 4a00 | 0000 4883 | be78 0100 | 0000 7517 | 4c89 8678 | 0100 0048 | c786 8001 
  0x000001f42568c0dc: 0000 0100 | 0000 e929 | 0000 0048 | 83be 8801 | 0000 0075 | 174c 8986 | 8801 0000 | 48c7 8690 
  0x000001f42568c0fc: 0100 0001 | 0000 00e9 | 0800 0000 | 4883 8668 | 0100 0001 | 4c8b 8424 | 3801 0000 | 0f1f 4400 
  0x000001f42568c11c: 0048 b8ff | ffff ffff 

  0x000001f42568c124: ;   {virtual_call}
  0x000001f42568c124: ffff ffe8 

  0x000001f42568c128: ; ImmutableOopMap {[160]=Oop [168]=Oop [208]=Oop [296]=Oop }
                      ;*invokeinterface trace {reexecute=0 rethrow=0 return_oop=0}
                      ; - org.eclipse.osgi.internal.debug.Debug::trace@17 (line 230)
                      ; - org.eclipse.osgi.internal.loader.BundleLoader::findClass0@314 (line 517)
  0x000001f42568c128: 5429 2307 

  0x000001f42568c12c: ;   {other}
  0x000001f42568c12c: 0f1f 8400 | 1c36 002a 

  0x000001f42568c134: ;   {metadata(method data for {method} {0x000001f4004e2040} 'trace' '(Ljava/lang/String;Ljava/lang/String;)V' in 'org/eclipse/osgi/internal/debug/Debug')}
  0x000001f42568c134: 49b8 8018 | 7800 f401 | 0000 41ff | 80a0 0100 | 00e9 5200 | 0000 488b | 8424 3801 

  0x000001f42568c150: ;   {oop(a 'java/lang/Class'{0x00000000d72b7c10} = 'org/eclipse/osgi/internal/debug/Debug')}
  0x000001f42568c150: 0000 49b8 | 107c 2bd7 | 0000 0000 | 418b 90c8 | 0000 0048 | 3b02 4c8b 

  0x000001f42568c168: ;   {metadata(method data for {method} {0x000001f4004e2040} 'trace' '(Ljava/lang/String;Ljava/lang/String;)V' in 'org/eclipse/osgi/internal/debug/Debug')}
  0x000001f42568c168: c248 be80 | 1878 00f4 

  0x000001f42568c170: ;   {metadata('java/io/PrintStream')}
  0x000001f42568c170: 0100 0049 | bac0 a500 | 39f4 0100 | 004c 8996 | c801 0000 | 4883 86d0 | 0100 0001 

  0x000001f42568c18c: ;   {optimized virtual_call}
  0x000001f42568c18c: 4c8b c0e8 

  0x000001f42568c190: ; ImmutableOopMap {[160]=Oop [168]=Oop [208]=Oop [296]=Oop }
                      ;*invokevirtual println {reexecute=0 rethrow=0 return_oop=0}
                      ; - org.eclipse.osgi.internal.debug.Debug::trace@29 (line 232)
                      ; - org.eclipse.osgi.internal.loader.BundleLoader::findClass0@314 (line 517)
  0x000001f42568c190: ec25 2307 

  0x000001f42568c194: ;   {other}
  0x000001f42568c194: 0f1f 8400 | 8436 002b | 488b 8424 | 2801 0000 

  0x000001f42568c1a4: ; implicit exception: dispatches to 0x000001f42568d716
  0x000001f42568c1a4: 483b 004c 

  0x000001f42568c1a8: ;   {metadata(method data for {method} {0x000001f400588a20} 'findClass0' '(Ljava/lang/String;ZZ)Ljava/lang/Class;' in 'org/eclipse/osgi/internal/loader/BundleLoader')}
  0x000001f42568c1a8: 8bc0 48ba | 604b 9100 | f401 0000 | 458b 4008 | 49ba 0000 | 0039 f401 | 0000 4d03 | c24c 3b82 
  0x000001f42568c1c8: b808 0000 | 750d 4883 | 82c0 0800 | 0001 e960 | 0000 004c | 3b82 c808 | 0000 750d | 4883 82d0 
  0x000001f42568c1e8: 0800 0001 | e94a 0000 | 0048 83ba | b808 0000 | 0075 174c | 8982 b808 | 0000 48c7 | 82c0 0800 
  0x000001f42568c208: 0001 0000 | 00e9 2900 | 0000 4883 | bac8 0800 | 0000 7517 | 4c89 82c8 | 0800 0048 | c782 d008 
  0x000001f42568c228: 0000 0100 | 0000 e908 | 0000 0048 | 8382 a808 | 0000 014c | 8b84 24a8 | 0000 0048 | 8bd0 0f1f 
  0x000001f42568c248: 8000 0000 | 0048 b8ff | ffff ffff 

  0x000001f42568c254: ;   {virtual_call}
  0x000001f42568c254: ffff ffe8 

  0x000001f42568c258: ; ImmutableOopMap {[160]=Oop [168]=Oop [208]=Oop [296]=Oop }
                      ;*invokevirtual loadClass {reexecute=0 rethrow=0 return_oop=0}
                      ; - org.eclipse.osgi.internal.loader.BundleLoader::findClass0@320 (line 521)
  0x000001f42568c258: c4e1 2e07 

  0x000001f42568c25c: ;   {other}
  0x000001f42568c25c: 0f1f 8400 | 4c37 002c | 488b f048 

  0x000001f42568c268: ;   {metadata(method data for {method} {0x000001f400588a20} 'findClass0' '(Ljava/lang/String;ZZ)Ljava/lang/Class;' in 'org/eclipse/osgi/internal/loader/BundleLoader')}
  0x000001f42568c268: 85f6 49b8 | 604b 9100 | f401 0000 | 48c7 c2e0 | 0800 0075 | 0748 c7c2 | f008 0000 | 498b 3c10 
  0x000001f42568c288: 488d 7f01 | 4989 3c10 | 0f85 c900 | 0000 488b | 9424 a000 

  0x000001f42568c29c: ;   {metadata(method data for {method} {0x000001f400588a20} 'findClass0' '(Ljava/lang/String;ZZ)Ljava/lang/Class;' in 'org/eclipse/osgi/internal/loader/BundleLoader')}
  0x000001f42568c29c: 0000 49b8 | 604b 9100 | f401 0000 | 8b52 0849 | ba00 0000 | 39f4 0100 | 0049 03d2 | 493b 9010 
  0x000001f42568c2bc: 0900 0075 | 0d49 8380 | 1809 0000 | 01e9 6000 | 0000 493b | 9020 0900 | 0075 0d49 | 8380 2809 
  0x000001f42568c2dc: 0000 01e9 | 4a00 0000 | 4983 b810 | 0900 0000 | 7517 4989 | 9010 0900 | 0049 c780 | 1809 0000 
  0x000001f42568c2fc: 0100 0000 | e929 0000 | 0049 83b8 | 2009 0000 | 0075 1749 | 8990 2009 | 0000 49c7 | 8028 0900 
  0x000001f42568c31c: 0001 0000 | 00e9 0800 | 0000 4983 | 8000 0900 | 0001 4c8b | 8424 a800 | 0000 488b | 9424 a000 
  0x000001f42568c33c: 0000 0f1f | 8000 0000 | 0048 b820 | 320a 3af4 

  0x000001f42568c34c: ;   {virtual_call}
  0x000001f42568c34c: 0100 00e8 

  0x000001f42568c350: ; ImmutableOopMap {[160]=Oop [168]=Oop [208]=Oop [296]=Oop }
                      ;*invokevirtual findLocalClass {reexecute=0 rethrow=0 return_oop=0}
                      ; - org.eclipse.osgi.internal.loader.BundleLoader::findClass0@332 (line 525)
  0x000001f42568c350: 6c79 0300 

  0x000001f42568c354: ;   {other}
  0x000001f42568c354: 0f1f 8400 | 4438 002d | 488b f048 

  0x000001f42568c360: ;   {metadata(method data for {method} {0x000001f400588a20} 'findClass0' '(Ljava/lang/String;ZZ)Ljava/lang/Class;' in 'org/eclipse/osgi/internal/loader/BundleLoader')}
  0x000001f42568c360: 85f6 49b8 | 604b 9100 | f401 0000 | 48c7 c248 | 0900 0075 | 0748 c7c2 | 3809 0000 | 498b 3c10 
  0x000001f42568c380: 488d 7f01 | 4989 3c10 | 0f85 0c08 | 0000 488b | 8424 2801 | 0000 4885 

  0x000001f42568c398: ;   {metadata(method data for {method} {0x000001f400588a20} 'findClass0' '(Ljava/lang/String;ZZ)Ljava/lang/Class;' in 'org/eclipse/osgi/internal/loader/BundleLoader')}
  0x000001f42568c398: c049 b860 | 4b91 00f4 | 0100 0048 | c7c2 5809 | 0000 7507 | 48c7 c268 | 0900 0049 | 8b3c 1048 
  0x000001f42568c3b8: 8d7f 0149 | 893c 100f | 857e 0000 | 0048 89b4 | 2440 0100 | 0048 8bb4 | 24d0 0000 | 0048 8b94 
  0x000001f42568c3d8: 24a0 0000 

  0x000001f42568c3dc: ;   {metadata(method data for {method} {0x000001f400588a20} 'findClass0' '(Ljava/lang/String;ZZ)Ljava/lang/Class;' in 'org/eclipse/osgi/internal/loader/BundleLoader')}
  0x000001f42568c3dc: 0049 b860 | 4b91 00f4 | 0100 0049 | 8380 7809 | 0000 014c | 8bc6 488b | 9424 a000 | 0000 0f1f 
  0x000001f42568c3fc: ;   {optimized virtual_call}
  0x000001f42568c3fc: 4400 00e8 

  0x000001f42568c400: ; ImmutableOopMap {[160]=Oop [168]=Oop [320]=Oop }
                      ;*invokespecial findDynamicSource {reexecute=0 rethrow=0 return_oop=0}
                      ; - org.eclipse.osgi.internal.loader.BundleLoader::findClass0@353 (line 531)
  0x000001f42568c400: 7c23 2307 

  0x000001f42568c404: ;   {other}
  0x000001f42568c404: 0f1f 8400 | f438 002e 

  0x000001f42568c40c: ;   {metadata(method data for {method} {0x000001f400588a20} 'findClass0' '(Ljava/lang/String;ZZ)Ljava/lang/Class;' in 'org/eclipse/osgi/internal/loader/BundleLoader')}
  0x000001f42568c40c: 4885 c049 | b860 4b91 | 00f4 0100 | 0049 c7c1 | 9809 0000 | 7507 49c7 | c188 0900 | 004b 8b14 
  0x000001f42568c42c: 0848 8d52 | 014b 8914 | 080f 8583 | 0100 0048 | 8bb4 2440 | 0100 0048 

  0x000001f42568c444: ;   {metadata(method data for {method} {0x000001f400588a20} 'findClass0' '(Ljava/lang/String;ZZ)Ljava/lang/Class;' in 'org/eclipse/osgi/internal/loader/BundleLoader')}
  0x000001f42568c444: 85f6 49b8 | 604b 9100 | f401 0000 | 49c7 c110 | 0a00 0075 | 0749 c7c1 | 200a 0000 | 4b8b 1408 
  0x000001f42568c464: 488d 5201 | 4b89 1408 | 0f85 7202 | 0000 4889 | b424 4001 | 0000 488b | 9424 a000 

  0x000001f42568c480: ;   {metadata(method data for {method} {0x000001f400588a20} 'findClass0' '(Ljava/lang/String;ZZ)Ljava/lang/Class;' in 'org/eclipse/osgi/internal/loader/BundleLoader')}
  0x000001f42568c480: 0000 49b8 | 604b 9100 | f401 0000 | 4983 8030 | 0a00 0001 | 4c8b 8424 | a800 0000 | 41b9 0200 
  0x000001f42568c4a0: 0000 488b | 9424 a000 | 0000 0f1f 

  0x000001f42568c4ac: ;   {optimized virtual_call}
  0x000001f42568c4ac: 4400 00e8 

  0x000001f42568c4b0: ; ImmutableOopMap {[160]=Oop [168]=Oop [320]=Oop }
                      ;*invokespecial searchHooks {reexecute=0 rethrow=0 return_oop=0}
                      ; - org.eclipse.osgi.internal.loader.BundleLoader::findClass0@394 (line 542)
  0x000001f42568c4b0: cc22 2307 

  0x000001f42568c4b4: ;   {other}
  0x000001f42568c4b4: 0f1f 8400 | a439 002f | 4885 c075 

  0x000001f42568c4c0: ;   {metadata(method data for {method} {0x000001f400588a20} 'findClass0' '(Ljava/lang/String;ZZ)Ljava/lang/Class;' in 'org/eclipse/osgi/internal/loader/BundleLoader')}
  0x000001f42568c4c0: 1648 be60 | 4b91 00f4 | 0100 0080 | 8e39 0a00 | 0001 e9cc 

  0x000001f42568c4d4: ;   {metadata('java/lang/Class')}
  0x000001f42568c4d4: 0000 0048 | bf48 6d00 | 39f4 0100 | 008b 5008 | 49ba 0000 | 0039 f401 | 0000 4903 | d248 3bfa 
  0x000001f42568c4f4: 0f85 8d00 

  0x000001f42568c4f8: ;   {metadata(method data for {method} {0x000001f400588a20} 'findClass0' '(Ljava/lang/String;ZZ)Ljava/lang/Class;' in 'org/eclipse/osgi/internal/loader/BundleLoader')}
  0x000001f42568c4f8: 0000 48be | 604b 9100 | f401 0000 | 8b78 0849 | ba00 0000 | 39f4 0100 | 0049 03fa | 483b be50 
  0x000001f42568c518: 0a00 0075 | 0d48 8386 | 580a 0000 | 01e9 7900 | 0000 483b | be60 0a00 | 0075 0d48 | 8386 680a 
  0x000001f42568c538: 0000 01e9 | 6300 0000 | 4883 be50 | 0a00 0000 | 7517 4889 | be50 0a00 | 0048 c786 | 580a 0000 
  0x000001f42568c558: 0100 0000 | e942 0000 | 0048 83be | 600a 0000 | 0075 1748 | 89be 600a | 0000 48c7 | 8668 0a00 
  0x000001f42568c578: 0001 0000 | 00e9 2100 | 0000 e91c 

  0x000001f42568c584: ;   {metadata(method data for {method} {0x000001f400588a20} 'findClass0' '(Ljava/lang/String;ZZ)Ljava/lang/Class;' in 'org/eclipse/osgi/internal/loader/BundleLoader')}
  0x000001f42568c584: 0000 0048 | be60 4b91 | 00f4 0100 | 0048 83ae | 400a 0000 | 01e9 7d11 | 0000 e900 | 0000 004c 
  0x000001f42568c5a4: ;   {metadata(method data for {method} {0x000001f400588a20} 'findClass0' '(Ljava/lang/String;ZZ)Ljava/lang/Class;' in 'org/eclipse/osgi/internal/loader/BundleLoader')}
  0x000001f42568c5a4: 8bc0 48ba | 604b 9100 | f401 0000 | ff82 780a | 0000 498b | f0e9 2601 | 0000 483b | 004c 8bc0 
  0x000001f42568c5c4: ;   {metadata(method data for {method} {0x000001f400588a20} 'findClass0' '(Ljava/lang/String;ZZ)Ljava/lang/Class;' in 'org/eclipse/osgi/internal/loader/BundleLoader')}
  0x000001f42568c5c4: 48ba 604b | 9100 f401 | 0000 458b | 4008 49ba | 0000 0039 | f401 0000 | 4d03 c24c | 3b82 b809 
  0x000001f42568c5e4: 0000 750d | 4883 82c0 | 0900 0001 | e960 0000 | 004c 3b82 | c809 0000 | 750d 4883 | 82d0 0900 
  0x000001f42568c604: 0001 e94a | 0000 0048 | 83ba b809 | 0000 0075 | 174c 8982 | b809 0000 | 48c7 82c0 | 0900 0001 
  0x000001f42568c624: 0000 00e9 | 2900 0000 | 4883 bac8 | 0900 0000 | 7517 4c89 | 82c8 0900 | 0048 c782 | d009 0000 
  0x000001f42568c644: 0100 0000 | e908 0000 | 0048 8382 | a809 0000 | 014c 8b84 | 24a8 0000 | 0048 8bd0 | 0f1f 4400 
  0x000001f42568c664: 0048 b8ff | ffff ffff 

  0x000001f42568c66c: ;   {virtual_call}
  0x000001f42568c66c: ffff ffe8 

  0x000001f42568c670: ; ImmutableOopMap {[160]=Oop [168]=Oop }
                      ;*invokevirtual loadClass {reexecute=0 rethrow=0 return_oop=0}
                      ; - org.eclipse.osgi.internal.loader.BundleLoader::findClass0@366 (line 533)
  0x000001f42568c670: 0c24 2307 

  0x000001f42568c674: ;   {other}
  0x000001f42568c674: 0f1f 8400 | 643b 0030 

  0x000001f42568c67c: ;   {metadata(method data for {method} {0x000001f400588a20} 'findClass0' '(Ljava/lang/String;ZZ)Ljava/lang/Class;' in 'org/eclipse/osgi/internal/loader/BundleLoader')}
  0x000001f42568c67c: 4885 c049 | b860 4b91 | 00f4 0100 | 0048 c7c2 | e009 0000 | 7407 48c7 | c2f0 0900 | 0049 8b34 
  0x000001f42568c69c: 1048 8d76 | 0149 8934 | 100f 8496 | 0400 0048 | 81c4 6001 

  0x000001f42568c6b0: ;   {poll_return}
  0x000001f42568c6b0: 0000 5d49 | 3ba7 4804 | 0000 0f87 | 6910 0000 | c349 8b87 | f804 0000 | 4d33 d24d | 8997 f804 
  0x000001f42568c6d0: 0000 4d33 | d24d 8997 | 0005 0000 | 488b b424 | 4001 0000 

  0x000001f42568c6e4: ;   {metadata(method data for {method} {0x000001f400588a20} 'findClass0' '(Ljava/lang/String;ZZ)Ljava/lang/Class;' in 'org/eclipse/osgi/internal/loader/BundleLoader')}
  0x000001f42568c6e4: 4885 f649 | b860 4b91 | 00f4 0100 | 0048 c7c2 | 900a 0000 | 7507 48c7 | c2a0 0a00 | 0049 8b3c 
  0x000001f42568c704: 1048 8d7f | 0149 893c | 100f 8564 | 0000 0048 | 8b94 24a0 | 0000 008b | 7a1c 4885 

  0x000001f42568c720: ;   {metadata(method data for {method} {0x000001f400588a20} 'findClass0' '(Ljava/lang/String;ZZ)Ljava/lang/Class;' in 'org/eclipse/osgi/internal/loader/BundleLoader')}
  0x000001f42568c720: ff49 b860 | 4b91 00f4 | 0100 0048 | c7c3 b00a | 0000 7407 | 48c7 c3c0 | 0a00 0049 | 8b04 1848 
  0x000001f42568c740: 8d40 0149 | 8904 180f | 842a 0000 | 004c 8b84 | 24a8 0000 | 0048 8bd7 | 0f1f 4400 | 0048 b8ff 
  0x000001f42568c760: ffff ffff 

  0x000001f42568c764: ;   {virtual_call}
  0x000001f42568c764: ffff ffe8 

  0x000001f42568c768: ; ImmutableOopMap {[160]=Oop [168]=Oop }
                      ;*invokevirtual doBuddyClassLoading {reexecute=0 rethrow=0 return_oop=0}
                      ; - org.eclipse.osgi.internal.loader.BundleLoader::findClass0@424 (line 548)
  0x000001f42568c768: 1423 2307 

  0x000001f42568c76c: ;   {other}
  0x000001f42568c76c: 0f1f 8400 | 5c3c 0031 | 488b f048 

  0x000001f42568c778: ;   {metadata(method data for {method} {0x000001f400588a20} 'findClass0' '(Ljava/lang/String;ZZ)Ljava/lang/Class;' in 'org/eclipse/osgi/internal/loader/BundleLoader')}
  0x000001f42568c778: 85f6 48ba | 604b 9100 | f401 0000 | 48c7 c718 | 0b00 0075 | 0748 c7c7 | 080b 0000 | 488b 1c3a 
  0x000001f42568c798: 488d 5b01 | 4889 1c3a | 0f85 6c03 | 0000 448b | 8c24 b000 | 0000 4585 

  0x000001f42568c7b0: ;   {metadata(method data for {method} {0x000001f400588a20} 'findClass0' '(Ljava/lang/String;ZZ)Ljava/lang/Class;' in 'org/eclipse/osgi/internal/loader/BundleLoader')}
  0x000001f42568c7b0: c948 ba60 | 4b91 00f4 | 0100 0048 | c7c6 380b | 0000 7507 | 48c7 c628 | 0b00 0048 | 8b3c 3248 
  0x000001f42568c7d0: 8d7f 0148 | 893c 320f | 851c 0000 | 008b bc24 | b400 0000 | 4c8b 8424 | a800 0000 | 488b 9424 
  0x000001f42568c7f0: a000 0000 | e923 0600 | 0048 8b94 | 24a0 0000 | 008b 7248 

  0x000001f42568c804: ;   {metadata(method data for {method} {0x000001f400588a20} 'findClass0' '(Ljava/lang/String;ZZ)Ljava/lang/Class;' in 'org/eclipse/osgi/internal/loader/BundleLoader')}
  0x000001f42568c804: 4885 f648 | be60 4b91 | 00f4 0100 | 0048 c7c7 | 580b 0000 | 7507 48c7 | c748 0b00 | 0048 8b1c 
  0x000001f42568c824: 3e48 8d5b | 0148 891c | 3e0f 8514 | 0000 008b | bc24 b400 | 0000 4c8b | 8424 a800 | 0000 e9d5 
  0x000001f42568c844: 0500 008b | bc24 d800 | 0000 85ff 

  0x000001f42568c850: ;   {metadata(method data for {method} {0x000001f400588a20} 'findClass0' '(Ljava/lang/String;ZZ)Ljava/lang/Class;' in 'org/eclipse/osgi/internal/loader/BundleLoader')}
  0x000001f42568c850: 48be 604b | 9100 f401 | 0000 48c7 | c778 0b00 | 0074 0748 | c7c7 680b | 0000 488b | 1c3e 488d 
  0x000001f42568c870: 5b01 4889 | 1c3e 0f84 | 1400 0000 | 8bbc 24b4 | 0000 004c | 8b84 24a8 | 0000 00e9 | 8c05 0000 
  0x000001f42568c890: 8b72 1448 | 3b06 488b 

  0x000001f42568c898: ;   {metadata(method data for {method} {0x000001f400588a20} 'findClass0' '(Ljava/lang/String;ZZ)Ljava/lang/Class;' in 'org/eclipse/osgi/internal/loader/BundleLoader')}
  0x000001f42568c898: fe48 bb60 | 4b91 00f4 

  0x000001f42568c8a0: ;   {metadata('org/eclipse/osgi/internal/framework/EquinoxContainer')}
  0x000001f42568c8a0: 0100 0049 | ba00 b008 | 3af4 0100 | 004c 8993 | 980b 0000 | 4883 83a0 | 0b00 0001 | 8b76 140f 
  0x000001f42568c8c0: be76 1e85 

  0x000001f42568c8c4: ;   {metadata(method data for {method} {0x000001f400588a20} 'findClass0' '(Ljava/lang/String;ZZ)Ljava/lang/Class;' in 'org/eclipse/osgi/internal/loader/BundleLoader')}
  0x000001f42568c8c4: f648 be60 | 4b91 00f4 | 0100 0048 | c7c7 c00b | 0000 7507 | 48c7 c7d0 | 0b00 0048 | 8b1c 3e48 
  0x000001f42568c8e4: 8d5b 0148 | 891c 3e0f | 8582 0000 | 0048 8bf2 

  0x000001f42568c8f4: ;   {metadata(method data for {method} {0x000001f400588a20} 'findClass0' '(Ljava/lang/String;ZZ)Ljava/lang/Class;' in 'org/eclipse/osgi/internal/loader/BundleLoader')}
  0x000001f42568c8f4: 48bf 604b | 9100 f401 | 0000 4883 | 87e0 0b00 | 0001 488b | f248 8bd6 

  0x000001f42568c90c: ;   {optimized virtual_call}
  0x000001f42568c90c: 6666 90e8 

  0x000001f42568c910: ; ImmutableOopMap {[160]=Oop [168]=Oop }
                      ;*invokespecial isRequestFromVM {reexecute=0 rethrow=0 return_oop=0}
                      ; - org.eclipse.osgi.internal.loader.BundleLoader::findClass0@467 (line 554)
  0x000001f42568c910: 6c1e 2307 

  0x000001f42568c914: ;   {other}
  0x000001f42568c914: 0f1f 8400 | 043e 0032 

  0x000001f42568c91c: ;   {metadata(method data for {method} {0x000001f400588a20} 'findClass0' '(Ljava/lang/String;ZZ)Ljava/lang/Class;' in 'org/eclipse/osgi/internal/loader/BundleLoader')}
  0x000001f42568c91c: 85c0 49b8 | 604b 9100 | f401 0000 | 49c7 c1f0 | 0b00 0074 | 0749 c7c1 | 000c 0000 | 4b8b 1408 
  0x000001f42568c93c: 488d 5201 | 4b89 1408 | 0f84 0d00 | 0000 488b | 9424 a000 | 0000 e91c | 0000 008b | bc24 b400 
  0x000001f42568c95c: 0000 4c8b | 8424 a800 | 0000 488b | 9424 a000 | 0000 e9a9 | 0400 008b | 7248 483b | 064c 8bc6 
  0x000001f42568c97c: ;   {metadata(method data for {method} {0x000001f400588a20} 'findClass0' '(Ljava/lang/String;ZZ)Ljava/lang/Class;' in 'org/eclipse/osgi/internal/loader/BundleLoader')}
  0x000001f42568c97c: 49b9 604b | 9100 f401 | 0000 458b | 4008 49ba | 0000 0039 | f401 0000 | 4d03 c24d | 3b81 200c 
  0x000001f42568c99c: 0000 750d | 4983 8128 | 0c00 0001 | e960 0000 | 004d 3b81 | 300c 0000 | 750d 4983 | 8138 0c00 
  0x000001f42568c9bc: 0001 e94a | 0000 0049 | 83b9 200c | 0000 0075 | 174d 8981 | 200c 0000 | 49c7 8128 | 0c00 0001 
  0x000001f42568c9dc: 0000 00e9 | 2900 0000 | 4983 b930 | 0c00 0000 | 7517 4d89 | 8130 0c00 | 0049 c781 | 380c 0000 
  0x000001f42568c9fc: 0100 0000 | e908 0000 | 0049 8381 | 100c 0000 

  0x000001f42568ca0c: ;   {metadata(method data for {method} {0x000001f4390145e8} 'loadClass' '(Ljava/lang/String;)Ljava/lang/Class;' in 'java/lang/ClassLoader')}
  0x000001f42568ca0c: 0149 b840 | 502a 00f4 | 0100 0045 | 8b88 cc00 | 0000 4183 | c102 4589 | 88cc 0000 | 0041 81e1 
  0x000001f42568ca2c: feff 1f00 | 4585 c90f | 8415 0d00 | 004c 8bc6 

  0x000001f42568ca3c: ;   {metadata(method data for {method} {0x000001f4390145e8} 'loadClass' '(Ljava/lang/String;)Ljava/lang/Class;' in 'java/lang/ClassLoader')}
  0x000001f42568ca3c: 49b9 4050 | 2a00 f401 | 0000 458b | 4008 49ba | 0000 0039 | f401 0000 | 4d03 c24d | 3b81 2001 
  0x000001f42568ca5c: 0000 750d | 4983 8128 | 0100 0001 | e960 0000 | 004d 3b81 | 3001 0000 | 750d 4983 | 8138 0100 
  0x000001f42568ca7c: 0001 e94a | 0000 0049 | 83b9 2001 | 0000 0075 | 174d 8981 | 2001 0000 | 49c7 8128 | 0100 0001 
  0x000001f42568ca9c: 0000 00e9 | 2900 0000 | 4983 b930 | 0100 0000 | 7517 4d89 | 8130 0100 | 0049 c781 | 3801 0000 
  0x000001f42568cabc: 0100 0000 | e908 0000 | 0049 8381 | 1001 0000 | 014c 8b84 | 24a8 0000 | 0041 b900 | 0000 0048 
  0x000001f42568cadc: 8bd6 0f1f | 8000 0000 | 0048 b8ff | ffff ffff 

  0x000001f42568caec: ;   {virtual_call}
  0x000001f42568caec: ffff ffe8 

  0x000001f42568caf0: ; ImmutableOopMap {[160]=Oop [168]=Oop }
                      ;*invokevirtual loadClass {reexecute=0 rethrow=0 return_oop=0}
                      ; - java.lang.ClassLoader::loadClass@3
                      ; - org.eclipse.osgi.internal.loader.BundleLoader::findClass0@478 (line 557)
  0x000001f42568caf0: 8c1f 2307 

  0x000001f42568caf4: ;   {other}
  0x000001f42568caf4: 0f1f 8400 | e43f 0033 | 4881 c460 | 0100 005d 

  0x000001f42568cb04: ;   {poll_return}
  0x000001f42568cb04: 493b a748 | 0400 000f | 875e 0c00 | 00c3 488b | c648 81c4 | 6001 0000 

  0x000001f42568cb1c: ;   {poll_return}
  0x000001f42568cb1c: 5d49 3ba7 | 4804 0000 | 0f87 5b0c | 0000 c348 | 81c4 6001 

  0x000001f42568cb30: ;   {poll_return}
  0x000001f42568cb30: 0000 5d49 | 3ba7 4804 | 0000 0f87 | 5b0c 0000 | c348 8b94 | 24a0 0000 

  0x000001f42568cb48: ;   {metadata(method data for {method} {0x000001f400588a20} 'findClass0' '(Ljava/lang/String;ZZ)Ljava/lang/Class;' in 'org/eclipse/osgi/internal/loader/BundleLoader')}
  0x000001f42568cb48: 0049 b860 | 4b91 00f4 | 0100 0049 | 8380 000a | 0000 014c | 8b84 24a8 | 0000 0044 | 8b8c 24b4 
  0x000001f42568cb68: 0000 0048 | 8b94 24a0 | 0000 000f 

  0x000001f42568cb74: ;   {optimized virtual_call}
  0x000001f42568cb74: 1f40 00e8 

  0x000001f42568cb78: ; ImmutableOopMap {}
                      ;*invokespecial generateException {reexecute=0 rethrow=0 return_oop=0}
                      ; - org.eclipse.osgi.internal.loader.BundleLoader::findClass0@382 (line 536)
  0x000001f42568cb78: 041c 2307 

  0x000001f42568cb7c: ;   {other}
  0x000001f42568cb7c: 0f1f 8400 | 6c40 0034 | 4881 c460 | 0100 005d 

  0x000001f42568cb8c: ;   {poll_return}
  0x000001f42568cb8c: 493b a748 | 0400 000f | 8718 0c00 | 00c3 488b | c648 81c4 | 6001 0000 

  0x000001f42568cba4: ;   {poll_return}
  0x000001f42568cba4: 5d49 3ba7 | 4804 0000 | 0f87 150c | 0000 c348 | 81c4 6001 

  0x000001f42568cbb8: ;   {poll_return}
  0x000001f42568cbb8: 0000 5d49 | 3ba7 4804 | 0000 0f87 | 150c 0000 | c348 8b94 | 24a0 0000 

  0x000001f42568cbd0: ;   {metadata(method data for {method} {0x000001f400588a20} 'findClass0' '(Ljava/lang/String;ZZ)Ljava/lang/Class;' in 'org/eclipse/osgi/internal/loader/BundleLoader')}
  0x000001f42568cbd0: 0049 b860 | 4b91 00f4 | 0100 0049 | 8380 2007 | 0000 014c | 8b84 24a8 | 0000 0044 | 8b8c 24b4 
  0x000001f42568cbf0: 0000 0048 | 8b94 24a0 | 0000 000f 

  0x000001f42568cbfc: ;   {optimized virtual_call}
  0x000001f42568cbfc: 1f40 00e8 

  0x000001f42568cc00: ; ImmutableOopMap {}
                      ;*invokespecial generateException {reexecute=0 rethrow=0 return_oop=0}
                      ; - org.eclipse.osgi.internal.loader.BundleLoader::findClass0@251 (line 511)
  0x000001f42568cc00: 7c1b 2307 

  0x000001f42568cc04: ;   {other}
  0x000001f42568cc04: 0f1f 8400 | f440 0035 | 4881 c460 | 0100 005d 

  0x000001f42568cc14: ;   {poll_return}
  0x000001f42568cc14: 493b a748 | 0400 000f | 87d2 0b00 | 00c3 4881 | c460 0100 

  0x000001f42568cc28: ;   {poll_return}
  0x000001f42568cc28: 005d 493b | a748 0400 | 000f 87d2 | 0b00 00c3 | 4881 c460 | 0100 005d 

  0x000001f42568cc40: ;   {poll_return}
  0x000001f42568cc40: 493b a748 | 0400 000f | 87d2 0b00 | 00c3 8b52 | 4848 3b02 

  0x000001f42568cc54: ;   {metadata(method data for {method} {0x000001f400588a20} 'findClass0' '(Ljava/lang/String;ZZ)Ljava/lang/Class;' in 'org/eclipse/osgi/internal/loader/BundleLoader')}
  0x000001f42568cc54: 4c8b c249 | b960 4b91 | 00f4 0100 | 0045 8b40 | 0849 ba00 | 0000 39f4 | 0100 004d | 03c2 4d3b 
  0x000001f42568cc74: 81b8 0100 | 0075 0d49 | 8381 c001 | 0000 01e9 | 6000 0000 | 4d3b 81c8 | 0100 0075 | 0d49 8381 
  0x000001f42568cc94: d001 0000 | 01e9 4a00 | 0000 4983 | b9b8 0100 | 0000 7517 | 4d89 81b8 | 0100 0049 | c781 c001 
  0x000001f42568ccb4: 0000 0100 | 0000 e929 | 0000 0049 | 83b9 c801 | 0000 0075 | 174d 8981 | c801 0000 | 49c7 81d0 
  0x000001f42568ccd4: 0100 0001 | 0000 00e9 | 0800 0000 | 4983 81a8 | 0100 0001 

  0x000001f42568cce8: ;   {metadata(method data for {method} {0x000001f4390145e8} 'loadClass' '(Ljava/lang/String;)Ljava/lang/Class;' in 'java/lang/ClassLoader')}
  0x000001f42568cce8: 49b8 4050 | 2a00 f401 | 0000 458b | 88cc 0000 | 0041 83c1 | 0245 8988 | cc00 0000 | 4181 e1fe 
  0x000001f42568cd08: ff1f 0045 | 85c9 0f84 | 260b 0000 

  0x000001f42568cd14: ;   {metadata(method data for {method} {0x000001f4390145e8} 'loadClass' '(Ljava/lang/String;)Ljava/lang/Class;' in 'java/lang/ClassLoader')}
  0x000001f42568cd14: 4c8b c249 | b940 502a | 00f4 0100 | 0045 8b40 | 0849 ba00 | 0000 39f4 | 0100 004d | 03c2 4d3b 
  0x000001f42568cd34: 8120 0100 | 0075 0d49 | 8381 2801 | 0000 01e9 | 6000 0000 | 4d3b 8130 | 0100 0075 | 0d49 8381 
  0x000001f42568cd54: 3801 0000 | 01e9 4a00 | 0000 4983 | b920 0100 | 0000 7517 | 4d89 8120 | 0100 0049 | c781 2801 
  0x000001f42568cd74: 0000 0100 | 0000 e929 | 0000 0049 | 83b9 3001 | 0000 0075 | 174d 8981 | 3001 0000 | 49c7 8138 
  0x000001f42568cd94: 0100 0001 | 0000 00e9 | 0800 0000 | 4983 8110 | 0100 0001 | 4c8b 8424 | a800 0000 | 41b9 0000 
  0x000001f42568cdb4: 0000 0f1f | 8000 0000 | 0048 b808 | 9e06 39f4 

  0x000001f42568cdc4: ;   {virtual_call}
  0x000001f42568cdc4: 0100 00e8 

  0x000001f42568cdc8: ; ImmutableOopMap {}
                      ;*invokevirtual loadClass {reexecute=0 rethrow=0 return_oop=0}
                      ; - java.lang.ClassLoader::loadClass@3
                      ; - org.eclipse.osgi.internal.loader.BundleLoader::findClass0@25 (line 469)
  0x000001f42568cdc8: 9446 e6ff 

  0x000001f42568cdcc: ;   {other}
  0x000001f42568cdcc: 0f1f 8400 | bc42 0036 | 4881 c460 | 0100 005d 

  0x000001f42568cddc: ;   {poll_return}
  0x000001f42568cddc: 493b a748 | 0400 000f | 8772 0a00 | 00c3 488b | 9424 a000 | 0000 498b | 87f8 0400 | 004d 33d2 
  0x000001f42568cdfc: 4d89 97f8 | 0400 004d | 33d2 4d89 | 9700 0500 | 008b bc24 | b400 0000 | 4c8b 8424 | a800 0000 
  0x000001f42568ce1c: ;   {metadata(method data for {method} {0x000001f400588a20} 'findClass0' '(Ljava/lang/String;ZZ)Ljava/lang/Class;' in 'org/eclipse/osgi/internal/loader/BundleLoader')}
  0x000001f42568ce1c: 4c8b ca48 | be60 4b91 | 00f4 0100 | 0048 8386 | 480c 0000 | 014c 8bcf 

  0x000001f42568ce34: ;   {optimized virtual_call}
  0x000001f42568ce34: 6666 90e8 

  0x000001f42568ce38: ; ImmutableOopMap {}
                      ;*invokespecial generateException {reexecute=0 rethrow=0 return_oop=0}
                      ; - org.eclipse.osgi.internal.loader.BundleLoader::findClass0@487 (line 562)
  0x000001f42568ce38: 4419 2307 

  0x000001f42568ce3c: ;   {other}
  0x000001f42568ce3c: 0f1f 8400 | 2c43 0037 | 4881 c460 | 0100 005d 

  0x000001f42568ce4c: ;   {poll_return}
  0x000001f42568ce4c: 493b a748 | 0400 000f | 8718 0a00 | 00c3 498b | 87f8 0400 | 004d 33d2 | 4d89 97f8 | 0400 004d 
  0x000001f42568ce6c: 33d2 4d89 | 9700 0500 | 0048 8bf0 | 488d 8424 | 4801 0000 | 488b 3848 | 85ff 0f84 | 0f00 0000 
  0x000001f42568ce8c: 488b 5808 | f048 0fb1 | 3b0f 85ec | 0900 0049 | ff8f 4805 | 0000 488b | c6e9 260a | 0000 498b 
  0x000001f42568ceac: 87f8 0400 | 004d 33d2 | 4d89 97f8 | 0400 004d | 33d2 4d89 | 9700 0500 | 0048 8bf0 | 488d 8424 
  0x000001f42568cecc: 4801 0000 | 488b 3848 | 85ff 0f84 | 0f00 0000 | 488b 5808 | f048 0fb1 | 3b0f 85b2 | 0900 0049 
  0x000001f42568ceec: ff8f 4805 | 0000 488b | c6e9 d609 

  0x000001f42568cef8: ;   {metadata({method} {0x000001f400588a20} 'findClass0' '(Ljava/lang/String;ZZ)Ljava/lang/Class;' in 'org/eclipse/osgi/internal/loader/BundleLoader')}
  0x000001f42568cef8: 0000 49ba | 188a 5800 | f401 0000 | 4c89 5424 | 0848 c704 | 24ff ffff 

  0x000001f42568cf10: ;   {runtime_call counter_overflow Runtime1 stub}
  0x000001f42568cf10: ffe8 6a8d 

  0x000001f42568cf14: ; ImmutableOopMap {rdx=Oop r8=Oop [160]=Oop [168]=Oop }
                      ;*synchronization entry
                      ; - org.eclipse.osgi.internal.loader.BundleLoader::findClass0@-1 (line 465)
  0x000001f42568cf14: 2e07 e903 

  0x000001f42568cf18: ;   {runtime_call throw_null_pointer_exception Runtime1 stub}
  0x000001f42568cf18: c5ff ffe8 

  0x000001f42568cf1c: ; ImmutableOopMap {r8=Oop [160]=Oop [168]=Oop }
                      ;*invokevirtual startsWith {reexecute=0 rethrow=0 return_oop=0}
                      ; - org.eclipse.osgi.internal.loader.BundleLoader::findClass0@14 (line 465)
  0x000001f42568cf1c: e050 2507 

  0x000001f42568cf20: ;   {metadata({method} {0x000001f439455c38} 'startsWith' '(Ljava/lang/String;)Z' in 'java/lang/String')}
  0x000001f42568cf20: 49ba 305c | 4539 f401 | 0000 4c89 | 5424 0848 | c704 24ff 

  0x000001f42568cf34: ;   {runtime_call counter_overflow Runtime1 stub}
  0x000001f42568cf34: ffff ffe8 

  0x000001f42568cf38: ; ImmutableOopMap {r8=Oop [160]=Oop [168]=Oop }
                      ;*synchronization entry
                      ; - java.lang.String::startsWith@-1
                      ; - org.eclipse.osgi.internal.loader.BundleLoader::findClass0@14 (line 465)
  0x000001f42568cf38: 448d 2e07 | e990 c5ff 

  0x000001f42568cf40: ;   {runtime_call throw_null_pointer_exception Runtime1 stub}
  0x000001f42568cf40: ffe8 ba50 

  0x000001f42568cf44: ; ImmutableOopMap {rdx=Oop rbx=Oop [160]=Oop [168]=Oop [192]=Oop }
                      ;*getfield DEBUG_LOADER {reexecute=1 rethrow=0 return_oop=0}
                      ; - (reexecute) org.eclipse.osgi.internal.loader.BundleLoader::findClass0@33 (line 472)
                      ;   {metadata(nullptr)}
  0x000001f42568cf44: 2507 48ba | 0000 0000 | 0000 0000 | b800 0f05 

  0x000001f42568cf54: ;   {runtime_call load_klass_patching Runtime1 stub}
  0x000001f42568cf54: 0ae8 a67c 

  0x000001f42568cf58: ; ImmutableOopMap {[160]=Oop [168]=Oop [192]=Oop }
                      ;*new {reexecute=1 rethrow=0 return_oop=0}
                      ; - (reexecute) org.eclipse.osgi.internal.loader.BundleLoader::findClass0@46 (line 473)
  0x000001f42568cf58: 2e07 e929 | c6ff ff48 

  0x000001f42568cf60: ;   {runtime_call fast_new_instance Runtime1 stub}
  0x000001f42568cf60: 8bd2 e899 

  0x000001f42568cf64: ; ImmutableOopMap {[160]=Oop [168]=Oop [192]=Oop }
                      ;*new {reexecute=0 rethrow=0 return_oop=0}
                      ; - org.eclipse.osgi.internal.loader.BundleLoader::findClass0@46 (line 473)
  0x000001f42568cf64: 4725 07e9 | 6cc6 ffff 

  0x000001f42568cf6c: ;   {metadata({method} {0x000001f439463b60} '<init>' '(Ljava/lang/String;)V' in 'java/lang/StringBuilder')}
  0x000001f42568cf6c: 49ba 583b | 4639 f401 | 0000 4c89 | 5424 0848 | c704 24ff 

  0x000001f42568cf80: ;   {runtime_call counter_overflow Runtime1 stub}
  0x000001f42568cf80: ffff ffe8 

  0x000001f42568cf84: ; ImmutableOopMap {rax=Oop [160]=Oop [168]=Oop [184]=Oop [192]=Oop }
                      ;*synchronization entry
                      ; - java.lang.StringBuilder::<init>@-1
                      ; - org.eclipse.osgi.internal.loader.BundleLoader::findClass0@53 (line 473)
  0x000001f42568cf84: f88c 2e07 | e991 c6ff 

  0x000001f42568cf8c: ;   {metadata({method} {0x000001f4394638f8} 'append' '(Ljava/lang/Object;)Ljava/lang/StringBuilder;' in 'java/lang/StringBuilder')}
  0x000001f42568cf8c: ff49 baf0 | 3846 39f4 | 0100 004c | 8954 2408 | 48c7 0424 | ffff ffff 

  0x000001f42568cfa4: ;   {runtime_call counter_overflow Runtime1 stub}
  0x000001f42568cfa4: e8d7 8c2e 

  0x000001f42568cfa8: ; ImmutableOopMap {[160]=Oop [168]=Oop [184]=Oop [192]=Oop }
                      ;*synchronization entry
                      ; - java.lang.StringBuilder::append@-1
                      ; - org.eclipse.osgi.internal.loader.BundleLoader::findClass0@57 (line 473)
  0x000001f42568cfa8: 07e9 e7c6 

  0x000001f42568cfac: ;   {metadata({method} {0x000001f439457080} 'valueOf' '(Ljava/lang/Object;)Ljava/lang/String;' in 'java/lang/String')}
  0x000001f42568cfac: ffff 49ba | 7870 4539 | f401 0000 | 4c89 5424 | 0848 c704 | 24ff ffff 

  0x000001f42568cfc4: ;   {runtime_call counter_overflow Runtime1 stub}
  0x000001f42568cfc4: ffe8 b68c 

  0x000001f42568cfc8: ; ImmutableOopMap {[160]=Oop [168]=Oop [184]=Oop [192]=Oop }
                      ;*synchronization entry
                      ; - java.lang.String::valueOf@-1
                      ; - java.lang.StringBuilder::append@2
                      ; - org.eclipse.osgi.internal.loader.BundleLoader::findClass0@57 (line 473)
  0x000001f42568cfc8: 2e07 e9ff 

  0x000001f42568cfcc: ;   {metadata({method} {0x000001f4394638a0} 'append' '(Ljava/lang/String;)Ljava/lang/StringBuilder;' in 'java/lang/StringBuilder')}
  0x000001f42568cfcc: c6ff ff49 | ba98 3846 | 39f4 0100 | 004c 8954 | 2408 48c7 | 0424 ffff 

  0x000001f42568cfe4: ;   {runtime_call counter_overflow Runtime1 stub}
  0x000001f42568cfe4: ffff e895 

  0x000001f42568cfe8: ; ImmutableOopMap {rax=Oop [160]=Oop [168]=Oop [184]=Oop [192]=Oop }
                      ;*synchronization entry
                      ; - java.lang.StringBuilder::append@-1
                      ; - java.lang.StringBuilder::append@5
                      ; - org.eclipse.osgi.internal.loader.BundleLoader::findClass0@57 (line 473)
  0x000001f42568cfe8: 8c2e 07e9 | dfc7 ffff 

  0x000001f42568cff0: ;   {metadata({method} {0x000001f4394638a0} 'append' '(Ljava/lang/String;)Ljava/lang/StringBuilder;' in 'java/lang/StringBuilder')}
  0x000001f42568cff0: 49ba 9838 | 4639 f401 | 0000 4c89 | 5424 0848 | c704 24ff 

  0x000001f42568d004: ;   {runtime_call counter_overflow Runtime1 stub}
  0x000001f42568d004: ffff ffe8 

  0x000001f42568d008: ; ImmutableOopMap {rax=Oop [160]=Oop [168]=Oop [184]=Oop [192]=Oop }
                      ;*synchronization entry
                      ; - java.lang.StringBuilder::append@-1
                      ; - org.eclipse.osgi.internal.loader.BundleLoader::findClass0@63 (line 473)
  0x000001f42568d008: 748c 2e07 | e939 c8ff 

  0x000001f42568d010: ;   {metadata({method} {0x000001f4394638a0} 'append' '(Ljava/lang/String;)Ljava/lang/StringBuilder;' in 'java/lang/StringBuilder')}
  0x000001f42568d010: ff49 ba98 | 3846 39f4 | 0100 004c | 8954 2408 | 48c7 0424 | ffff ffff 

  0x000001f42568d028: ;   {runtime_call counter_overflow Runtime1 stub}
  0x000001f42568d028: e853 8c2e 

  0x000001f42568d02c: ; ImmutableOopMap {[160]=Oop [168]=Oop [184]=Oop [192]=Oop }
                      ;*synchronization entry
                      ; - java.lang.StringBuilder::append@-1
                      ; - org.eclipse.osgi.internal.loader.BundleLoader::findClass0@67 (line 473)
  0x000001f42568d02c: 07e9 8dc8 

  0x000001f42568d030: ;   {metadata({method} {0x000001f4394638a0} 'append' '(Ljava/lang/String;)Ljava/lang/StringBuilder;' in 'java/lang/StringBuilder')}
  0x000001f42568d030: ffff 49ba | 9838 4639 | f401 0000 | 4c89 5424 | 0848 c704 | 24ff ffff 

  0x000001f42568d048: ;   {runtime_call counter_overflow Runtime1 stub}
  0x000001f42568d048: ffe8 328c 

  0x000001f42568d04c: ; ImmutableOopMap {[160]=Oop [168]=Oop [184]=Oop [192]=Oop }
                      ;*synchronization entry
                      ; - java.lang.StringBuilder::append@-1
                      ; - org.eclipse.osgi.internal.loader.BundleLoader::findClass0@73 (line 473)
  0x000001f42568d04c: 2e07 e9ec 

  0x000001f42568d050: ;   {metadata({method} {0x000001f439008b50} 'toString' '()Ljava/lang/String;' in 'java/lang/StringBuilder')}
  0x000001f42568d050: c8ff ff49 | ba48 8b00 | 39f4 0100 | 004c 8954 | 2408 48c7 | 0424 ffff 

  0x000001f42568d068: ;   {runtime_call counter_overflow Runtime1 stub}
  0x000001f42568d068: ffff e811 

  0x000001f42568d06c: ; ImmutableOopMap {[160]=Oop [168]=Oop [184]=Oop [192]=Oop }
                      ;*synchronization entry
                      ; - java.lang.StringBuilder::toString@-1
                      ; - org.eclipse.osgi.internal.loader.BundleLoader::findClass0@76 (line 473)
  0x000001f42568d06c: 8c2e 07e9 | 49c9 ffff 

  0x000001f42568d074: ;   {runtime_call fast_new_instance Runtime1 stub}
  0x000001f42568d074: 488b d2e8 

  0x000001f42568d078: ; ImmutableOopMap {[160]=Oop [168]=Oop [184]=Oop [192]=Oop }
                      ;*new {reexecute=0 rethrow=0 return_oop=0}
                      ; - java.lang.StringBuilder::toString@0
                      ; - org.eclipse.osgi.internal.loader.BundleLoader::findClass0@76 (line 473)
  0x000001f42568d078: 8446 2507 | e98c c9ff 

  0x000001f42568d080: ;   {metadata({method} {0x000001f439457bd8} '<init>' '(Ljava/lang/StringBuilder;)V' in 'java/lang/String')}
  0x000001f42568d080: ff49 bad0 | 7b45 39f4 | 0100 004c | 8954 2408 | 48c7 0424 | ffff ffff 

  0x000001f42568d098: ;   {runtime_call counter_overflow Runtime1 stub}
  0x000001f42568d098: e8e3 8b2e 

  0x000001f42568d09c: ; ImmutableOopMap {rax=Oop [160]=Oop [168]=Oop [184]=Oop [192]=Oop }
                      ;*synchronization entry
                      ; - java.lang.String::<init>@-1
                      ; - java.lang.StringBuilder::toString@5
                      ; - org.eclipse.osgi.internal.loader.BundleLoader::findClass0@76 (line 473)
  0x000001f42568d09c: 07e9 acc9 

  0x000001f42568d0a0: ;   {metadata({method} {0x000001f4004e2040} 'trace' '(Ljava/lang/String;Ljava/lang/String;)V' in 'org/eclipse/osgi/internal/debug/Debug')}
  0x000001f42568d0a0: ffff 49ba | 3820 4e00 | f401 0000 | 4c89 5424 | 0848 c704 | 24ff ffff 

  0x000001f42568d0b8: ;   {runtime_call counter_overflow Runtime1 stub}
  0x000001f42568d0b8: ffe8 c28b 

  0x000001f42568d0bc: ; ImmutableOopMap {[160]=Oop [168]=Oop [192]=Oop [200]=Oop }
                      ;*synchronization entry
                      ; - org.eclipse.osgi.internal.debug.Debug::trace@-1 (line 221)
                      ; - org.eclipse.osgi.internal.loader.BundleLoader::findClass0@79 (line 473)
  0x000001f42568d0bc: 2e07 e928 

  0x000001f42568d0c0: ;   {runtime_call throw_incompatible_class_change_error Runtime1 stub}
  0x000001f42568d0c0: caff ffe8 

  0x000001f42568d0c4: ; ImmutableOopMap {rdx=Oop [160]=Oop [168]=Oop [200]=Oop }
                      ;*invokeinterface getLogger {reexecute=0 rethrow=0 return_oop=0}
                      ; - org.eclipse.osgi.internal.debug.Debug::trace@11 (line 230)
                      ; - org.eclipse.osgi.internal.loader.BundleLoader::findClass0@79 (line 473)
  0x000001f42568d0c4: b861 2e07 

  0x000001f42568d0c8: ;   {runtime_call throw_null_pointer_exception Runtime1 stub}
  0x000001f42568d0c8: e833 4f25 

  0x000001f42568d0cc: ; ImmutableOopMap {rdx=Oop [160]=Oop [168]=Oop [200]=Oop }
                      ;*invokeinterface getLogger {reexecute=0 rethrow=0 return_oop=0}
                      ; - org.eclipse.osgi.internal.debug.Debug::trace@11 (line 230)
                      ; - org.eclipse.osgi.internal.loader.BundleLoader::findClass0@79 (line 473)
                      ;   {metadata({method} {0x000001f400509208} 'getLogger' '(Ljava/lang/String;)Lorg/osgi/service/log/Logger;' in 'org/eclipse/osgi/internal/log/ExtendedLogServiceImpl')}
  0x000001f42568d0cc: 0749 ba00 | 9250 00f4 | 0100 004c | 8954 2408 | 48c7 0424 | ffff ffff 

  0x000001f42568d0e4: ;   {runtime_call counter_overflow Runtime1 stub}
  0x000001f42568d0e4: e897 8b2e 

  0x000001f42568d0e8: ; ImmutableOopMap {rdx=Oop [160]=Oop [168]=Oop [200]=Oop }
                      ;*synchronization entry
                      ; - org.eclipse.osgi.internal.log.ExtendedLogServiceImpl::getLogger@-1 (line 1)
                      ; - org.eclipse.osgi.internal.debug.Debug::trace@11 (line 230)
                      ; - org.eclipse.osgi.internal.loader.BundleLoader::findClass0@79 (line 473)
  0x000001f42568d0e8: 07e9 c1ca 

  0x000001f42568d0ec: ;   {metadata({method} {0x000001f400506a80} 'getLogger' '(Ljava/lang/String;)Lorg/eclipse/equinox/log/Logger;' in 'org/eclipse/osgi/internal/log/ExtendedLogServiceImpl')}
  0x000001f42568d0ec: ffff 49ba | 786a 5000 | f401 0000 | 4c89 5424 | 0848 c704 | 24ff ffff 

  0x000001f42568d104: ;   {runtime_call counter_overflow Runtime1 stub}
  0x000001f42568d104: ffe8 768b 

  0x000001f42568d108: ; ImmutableOopMap {rdx=Oop [160]=Oop [168]=Oop [200]=Oop }
                      ;*synchronization entry
                      ; - org.eclipse.osgi.internal.log.ExtendedLogServiceImpl::getLogger@-1 (line 73)
                      ; - org.eclipse.osgi.internal.log.ExtendedLogServiceImpl::getLogger@2 (line 1)
                      ; - org.eclipse.osgi.internal.debug.Debug::trace@11 (line 230)
                      ; - org.eclipse.osgi.internal.loader.BundleLoader::findClass0@79 (line 473)
  0x000001f42568d108: 2e07 e9f2 | caff ff48 

  0x000001f42568d110: ;   {runtime_call throw_class_cast_exception Runtime1 stub}
  0x000001f42568d110: 8904 24e8 

  0x000001f42568d114: ; ImmutableOopMap {[160]=Oop [168]=Oop [200]=Oop }
                      ;*checkcast {reexecute=0 rethrow=0 return_oop=0}
                      ; - org.eclipse.osgi.internal.log.ExtendedLogServiceImpl::getLogger@7 (line 73)
                      ; - org.eclipse.osgi.internal.log.ExtendedLogServiceImpl::getLogger@2 (line 1)
                      ; - org.eclipse.osgi.internal.debug.Debug::trace@11 (line 230)
                      ; - org.eclipse.osgi.internal.loader.BundleLoader::findClass0@79 (line 473)
  0x000001f42568d114: 685e 2e07 

  0x000001f42568d118: ;   {runtime_call throw_null_pointer_exception Runtime1 stub}
  0x000001f42568d118: e8e3 4e25 

  0x000001f42568d11c: ; ImmutableOopMap {rdx=Oop [160]=Oop [168]=Oop [200]=Oop }
                      ;*invokeinterface trace {reexecute=0 rethrow=0 return_oop=0}
                      ; - org.eclipse.osgi.internal.debug.Debug::trace@17 (line 230)
                      ; - org.eclipse.osgi.internal.loader.BundleLoader::findClass0@79 (line 473)
                      ;   {runtime_call throw_null_pointer_exception Runtime1 stub}
  0x000001f42568d11c: 07e8 de4e 

  0x000001f42568d120: ; ImmutableOopMap {rax=Oop rdx=Oop [160]=Oop [168]=Oop }
                      ;*invokevirtual println {reexecute=0 rethrow=0 return_oop=0}
                      ; - org.eclipse.osgi.internal.debug.Debug::trace@29 (line 232)
                      ; - org.eclipse.osgi.internal.loader.BundleLoader::findClass0@79 (line 473)
                      ;   {metadata({method} {0x000001f400586d98} 'getPackageName' '(Ljava/lang/String;)Ljava/lang/String;' in 'org/eclipse/osgi/internal/loader/BundleLoader')}
  0x000001f42568d120: 2507 49ba | 906d 5800 | f401 0000 | 4c89 5424 | 0848 c704 | 24ff ffff 

  0x000001f42568d138: ;   {runtime_call counter_overflow Runtime1 stub}
  0x000001f42568d138: ffe8 428b 

  0x000001f42568d13c: ; ImmutableOopMap {r8=Oop [160]=Oop [168]=Oop }
                      ;*synchronization entry
                      ; - org.eclipse.osgi.internal.loader.BundleLoader::getPackageName@-1 (line 142)
                      ; - org.eclipse.osgi.internal.loader.BundleLoader::findClass0@83 (line 475)
  0x000001f42568d13c: 2e07 e977 

  0x000001f42568d140: ;   {runtime_call throw_null_pointer_exception Runtime1 stub}
  0x000001f42568d140: cdff ffe8 

  0x000001f42568d144: ; ImmutableOopMap {r8=Oop [160]=Oop [168]=Oop }
                      ;*invokevirtual lastIndexOf {reexecute=0 rethrow=0 return_oop=0}
                      ; - org.eclipse.osgi.internal.loader.BundleLoader::getPackageName@7 (line 143)
                      ; - org.eclipse.osgi.internal.loader.BundleLoader::findClass0@83 (line 475)
  0x000001f42568d144: b84e 2507 

  0x000001f42568d148: ;   {metadata({method} {0x000001f439455b30} 'lastIndexOf' '(I)I' in 'java/lang/String')}
  0x000001f42568d148: 49ba 285b | 4539 f401 | 0000 4c89 | 5424 0848 | c704 24ff 

  0x000001f42568d15c: ;   {runtime_call counter_overflow Runtime1 stub}
  0x000001f42568d15c: ffff ffe8 

  0x000001f42568d160: ; ImmutableOopMap {r8=Oop [160]=Oop [168]=Oop }
                      ;*synchronization entry
                      ; - java.lang.String::lastIndexOf@-1
                      ; - org.eclipse.osgi.internal.loader.BundleLoader::getPackageName@7 (line 143)
                      ; - org.eclipse.osgi.internal.loader.BundleLoader::findClass0@83 (line 475)
  0x000001f42568d160: 1c8b 2e07 | e9c4 cdff 

  0x000001f42568d168: ;   {metadata({method} {0x000001f43900f088} 'length' '()I' in 'java/lang/String')}
  0x000001f42568d168: ff49 ba80 | f000 39f4 | 0100 004c | 8954 2408 | 48c7 0424 | ffff ffff 

  0x000001f42568d180: ;   {runtime_call counter_overflow Runtime1 stub}
  0x000001f42568d180: e8fb 8a2e 

  0x000001f42568d184: ; ImmutableOopMap {r8=Oop [160]=Oop [168]=Oop }
                      ;*synchronization entry
                      ; - java.lang.String::length@-1
                      ; - java.lang.String::lastIndexOf@3
                      ; - org.eclipse.osgi.internal.loader.BundleLoader::getPackageName@7 (line 143)
                      ; - org.eclipse.osgi.internal.loader.BundleLoader::findClass0@83 (line 475)
  0x000001f42568d184: 07e9 e4cd 

  0x000001f42568d188: ;   {runtime_call throw_null_pointer_exception Runtime1 stub}
  0x000001f42568d188: ffff e871 

  0x000001f42568d18c: ; ImmutableOopMap {r8=Oop [160]=Oop [168]=Oop }
                      ;*arraylength {reexecute=0 rethrow=0 return_oop=0}
                      ; - java.lang.String::length@4
                      ; - java.lang.String::lastIndexOf@3
                      ; - org.eclipse.osgi.internal.loader.BundleLoader::getPackageName@7 (line 143)
                      ; - org.eclipse.osgi.internal.loader.BundleLoader::findClass0@83 (line 475)
                      ;   {metadata({method} {0x000001f439456e18} 'coder' '()B' in 'java/lang/String')}
  0x000001f42568d18c: 4e25 0749 | ba10 6e45 | 39f4 0100 | 004c 8954 | 2408 48c7 | 0424 ffff 

  0x000001f42568d1a4: ;   {runtime_call counter_overflow Runtime1 stub}
  0x000001f42568d1a4: ffff e8d5 

  0x000001f42568d1a8: ; ImmutableOopMap {r8=Oop [160]=Oop [168]=Oop }
                      ;*synchronization entry
                      ; - java.lang.String::coder@-1
                      ; - java.lang.String::length@6
                      ; - java.lang.String::lastIndexOf@3
                      ; - org.eclipse.osgi.internal.loader.BundleLoader::getPackageName@7 (line 143)
                      ; - org.eclipse.osgi.internal.loader.BundleLoader::findClass0@83 (line 475)
  0x000001f42568d1a8: 8a2e 07e9 | 02ce ffff 

  0x000001f42568d1b0: ;   {runtime_call throw_null_pointer_exception Runtime1 stub}
  0x000001f42568d1b0: e84b 4e25 

  0x000001f42568d1b4: ; ImmutableOopMap {rsi=Oop rdx=Oop rdi=Oop [160]=Oop [168]=Oop }
                      ;*invokevirtual isBootDelegationPackage {reexecute=0 rethrow=0 return_oop=0}
                      ; - org.eclipse.osgi.internal.loader.BundleLoader::findClass0@108 (line 478)
                      ;   {runtime_call throw_null_pointer_exception Runtime1 stub}
  0x000001f42568d1b4: 07e8 464e 

  0x000001f42568d1b8: ; ImmutableOopMap {rdx=Oop rsi=Oop [160]=Oop [168]=Oop [208]=Oop }
                      ;*invokevirtual loadClass {reexecute=0 rethrow=0 return_oop=0}
                      ; - org.eclipse.osgi.internal.loader.BundleLoader::findClass0@119 (line 482)
                      ;   {metadata({method} {0x000001f4390145e8} 'loadClass' '(Ljava/lang/String;)Ljava/lang/Class;' in 'java/lang/ClassLoader')}
  0x000001f42568d1b8: 2507 49ba | e045 0139 | f401 0000 | 4c89 5424 | 0848 c704 | 24ff ffff 

  0x000001f42568d1d0: ;   {runtime_call counter_overflow Runtime1 stub}
  0x000001f42568d1d0: ffe8 aa8a 

  0x000001f42568d1d4: ; ImmutableOopMap {rdx=Oop rsi=Oop [160]=Oop [168]=Oop [208]=Oop }
                      ;*synchronization entry
                      ; - java.lang.ClassLoader::loadClass@-1
                      ; - org.eclipse.osgi.internal.loader.BundleLoader::findClass0@119 (line 482)
  0x000001f42568d1d4: 2e07 e997 

  0x000001f42568d1d8: ;   {internal_word}
  0x000001f42568d1d8: d0ff ff49 | ba3c a368 | 25f4 0100 | 004d 8997 | 6004 0000 

  0x000001f42568d1ec: ;   {runtime_call SafepointBlob}
  0x000001f42568d1ec: e90f 7923 | 0748 8904 

  0x000001f42568d1f4: ;   {runtime_call throw_class_cast_exception Runtime1 stub}
  0x000001f42568d1f4: 24e8 865d 

  0x000001f42568d1f8: ; ImmutableOopMap {[160]=Oop [168]=Oop [208]=Oop }
                      ;*checkcast {reexecute=0 rethrow=0 return_oop=0}
                      ; - org.eclipse.osgi.internal.loader.BundleLoader::findClass0@137 (line 490)
                      ;   {metadata({method} {0x000001f40058b798} 'findImportedSource' '(Ljava/lang/String;Ljava/util/Collection;)Lorg/eclipse/osgi/internal/loader/sources/PackageSource;' in 'org/eclipse/osgi/internal/loader/BundleLoader')}
  0x000001f42568d1f8: 2e07 49ba | 90b7 5800 | f401 0000 | 4c89 5424 | 0848 c704 | 24ff ffff 

  0x000001f42568d210: ;   {runtime_call counter_overflow Runtime1 stub}
  0x000001f42568d210: ffe8 6a8a 

  0x000001f42568d214: ; ImmutableOopMap {[160]=Oop [168]=Oop [208]=Oop [224]=Oop }
                      ;*synchronization entry
                      ; - org.eclipse.osgi.internal.loader.BundleLoader::findImportedSource@-1 (line 1244)
                      ; - org.eclipse.osgi.internal.loader.BundleLoader::findClass0@159 (line 497)
  0x000001f42568d214: 2e07 e936 

  0x000001f42568d218: ;   {runtime_call throw_null_pointer_exception Runtime1 stub}
  0x000001f42568d218: d3ff ffe8 

  0x000001f42568d21c: ; ImmutableOopMap {rsi=Oop [160]=Oop [168]=Oop [208]=Oop [224]=Oop }
                      ;*monitorenter {reexecute=0 rethrow=0 return_oop=0}
                      ; - org.eclipse.osgi.internal.loader.BundleLoader::findImportedSource@10 (line 1245)
                      ; - org.eclipse.osgi.internal.loader.BundleLoader::findClass0@159 (line 497)
  0x000001f42568d21c: e04d 2507 | 4889 7424 | 084c 8904 

  0x000001f42568d228: ;   {runtime_call monitorenter_nofpu Runtime1 stub}
  0x000001f42568d228: 24e8 5269 

  0x000001f42568d22c: ; ImmutableOopMap {rsi=Oop [160]=Oop [168]=Oop [208]=Oop [224]=Oop [336]=Oop }
                      ;*monitorenter {reexecute=0 rethrow=0 return_oop=0}
                      ; - org.eclipse.osgi.internal.loader.BundleLoader::findImportedSource@10 (line 1245)
                      ; - org.eclipse.osgi.internal.loader.BundleLoader::findClass0@159 (line 497)
  0x000001f42568d22c: 2e07 e996 | d3ff ff48 

  0x000001f42568d234: ;   {runtime_call throw_class_cast_exception Runtime1 stub}
  0x000001f42568d234: 8904 24e8 

  0x000001f42568d238: ; ImmutableOopMap {[160]=Oop [168]=Oop [208]=Oop [224]=Oop [232]=Oop [336]=Oop }
                      ;*checkcast {reexecute=0 rethrow=0 return_oop=0}
                      ; - org.eclipse.osgi.internal.loader.BundleLoader::findImportedSource@18 (line 1246)
                      ; - org.eclipse.osgi.internal.loader.BundleLoader::findClass0@159 (line 497)
  0x000001f42568d238: 445d 2e07 | 488d 8424 | 4801 0000 | 4889 0424 

  0x000001f42568d248: ;   {runtime_call monitorexit_nofpu Runtime1 stub}
  0x000001f42568d248: e833 6f2e | 07e9 57d5 

  0x000001f42568d250: ;   {runtime_call throw_null_pointer_exception Runtime1 stub}
  0x000001f42568d250: ffff e8a9 

  0x000001f42568d254: ; ImmutableOopMap {rbx=Oop rdx=Oop r9=Oop [160]=Oop [168]=Oop [248]=Oop [256]=Oop }
                      ;*getfield DEBUG_LOADER {reexecute=1 rethrow=0 return_oop=0}
                      ; - (reexecute) org.eclipse.osgi.internal.loader.BundleLoader::findClass0@173 (line 499)
                      ;   {metadata(nullptr)}
  0x000001f42568d254: 4d25 0748 | ba00 0000 | 0000 0000 | 00b8 000f 

  0x000001f42568d264: ;   {runtime_call load_klass_patching Runtime1 stub}
  0x000001f42568d264: 050a e895 

  0x000001f42568d268: ; ImmutableOopMap {[160]=Oop [168]=Oop [248]=Oop [256]=Oop }
                      ;*new {reexecute=1 rethrow=0 return_oop=0}
                      ; - (reexecute) org.eclipse.osgi.internal.loader.BundleLoader::findClass0@186 (line 500)
  0x000001f42568d268: 792e 07e9 | b0d5 ffff 

  0x000001f42568d270: ;   {runtime_call fast_new_instance Runtime1 stub}
  0x000001f42568d270: 488b d2e8 

  0x000001f42568d274: ; ImmutableOopMap {[160]=Oop [168]=Oop [248]=Oop [256]=Oop }
                      ;*new {reexecute=0 rethrow=0 return_oop=0}
                      ; - org.eclipse.osgi.internal.loader.BundleLoader::findClass0@186 (line 500)
  0x000001f42568d274: 8844 2507 | e9f3 d5ff 

  0x000001f42568d27c: ;   {metadata({method} {0x000001f439463b60} '<init>' '(Ljava/lang/String;)V' in 'java/lang/StringBuilder')}
  0x000001f42568d27c: ff49 ba58 | 3b46 39f4 | 0100 004c | 8954 2408 | 48c7 0424 | ffff ffff 

  0x000001f42568d294: ;   {runtime_call counter_overflow Runtime1 stub}
  0x000001f42568d294: e8e7 892e 

  0x000001f42568d298: ; ImmutableOopMap {rax=Oop [160]=Oop [168]=Oop [248]=Oop [256]=Oop }
                      ;*synchronization entry
                      ; - java.lang.StringBuilder::<init>@-1
                      ; - org.eclipse.osgi.internal.loader.BundleLoader::findClass0@193 (line 500)
  0x000001f42568d298: 07e9 10d6 

  0x000001f42568d29c: ;   {metadata({method} {0x000001f4394638f8} 'append' '(Ljava/lang/Object;)Ljava/lang/StringBuilder;' in 'java/lang/StringBuilder')}
  0x000001f42568d29c: ffff 49ba | f038 4639 | f401 0000 | 4c89 5424 | 0848 c704 | 24ff ffff 

  0x000001f42568d2b4: ;   {runtime_call counter_overflow Runtime1 stub}
  0x000001f42568d2b4: ffe8 c689 

  0x000001f42568d2b8: ; ImmutableOopMap {[160]=Oop [168]=Oop [240]=Oop [248]=Oop [256]=Oop }
                      ;*synchronization entry
                      ; - java.lang.StringBuilder::append@-1
                      ; - org.eclipse.osgi.internal.loader.BundleLoader::findClass0@197 (line 500)
  0x000001f42568d2b8: 2e07 e96e 

  0x000001f42568d2bc: ;   {metadata({method} {0x000001f439457080} 'valueOf' '(Ljava/lang/Object;)Ljava/lang/String;' in 'java/lang/String')}
  0x000001f42568d2bc: d6ff ff49 | ba78 7045 | 39f4 0100 | 004c 8954 | 2408 48c7 | 0424 ffff 

  0x000001f42568d2d4: ;   {runtime_call counter_overflow Runtime1 stub}
  0x000001f42568d2d4: ffff e8a5 

  0x000001f42568d2d8: ; ImmutableOopMap {[160]=Oop [168]=Oop [240]=Oop [248]=Oop [256]=Oop }
                      ;*synchronization entry
                      ; - java.lang.String::valueOf@-1
                      ; - java.lang.StringBuilder::append@2
                      ; - org.eclipse.osgi.internal.loader.BundleLoader::findClass0@197 (line 500)
  0x000001f42568d2d8: 892e 07e9 | 86d6 ffff 

  0x000001f42568d2e0: ;   {metadata({method} {0x000001f4394638a0} 'append' '(Ljava/lang/String;)Ljava/lang/StringBuilder;' in 'java/lang/StringBuilder')}
  0x000001f42568d2e0: 49ba 9838 | 4639 f401 | 0000 4c89 | 5424 0848 | c704 24ff 

  0x000001f42568d2f4: ;   {runtime_call counter_overflow Runtime1 stub}
  0x000001f42568d2f4: ffff ffe8 

  0x000001f42568d2f8: ; ImmutableOopMap {rax=Oop [160]=Oop [168]=Oop [240]=Oop [248]=Oop [256]=Oop }
                      ;*synchronization entry
                      ; - java.lang.StringBuilder::append@-1
                      ; - java.lang.StringBuilder::append@5
                      ; - org.eclipse.osgi.internal.loader.BundleLoader::findClass0@197 (line 500)
  0x000001f42568d2f8: 8489 2e07 | e966 d7ff 

  0x000001f42568d300: ;   {metadata({method} {0x000001f4394638a0} 'append' '(Ljava/lang/String;)Ljava/lang/StringBuilder;' in 'java/lang/StringBuilder')}
  0x000001f42568d300: ff49 ba98 | 3846 39f4 | 0100 004c | 8954 2408 | 48c7 0424 | ffff ffff 

  0x000001f42568d318: ;   {runtime_call counter_overflow Runtime1 stub}
  0x000001f42568d318: e863 892e 

  0x000001f42568d31c: ; ImmutableOopMap {[160]=Oop [168]=Oop [240]=Oop [248]=Oop [256]=Oop }
                      ;*synchronization entry
                      ; - java.lang.StringBuilder::append@-1
                      ; - org.eclipse.osgi.internal.loader.BundleLoader::findClass0@203 (line 500)
  0x000001f42568d31c: 07e9 bdd7 

  0x000001f42568d320: ;   {metadata({method} {0x000001f4394638f8} 'append' '(Ljava/lang/Object;)Ljava/lang/StringBuilder;' in 'java/lang/StringBuilder')}
  0x000001f42568d320: ffff 49ba | f038 4639 | f401 0000 | 4c89 5424 | 0848 c704 | 24ff ffff 

  0x000001f42568d338: ;   {runtime_call counter_overflow Runtime1 stub}
  0x000001f42568d338: ffe8 4289 

  0x000001f42568d33c: ; ImmutableOopMap {[160]=Oop [168]=Oop [240]=Oop [248]=Oop [256]=Oop }
                      ;*synchronization entry
                      ; - java.lang.StringBuilder::append@-1
                      ; - org.eclipse.osgi.internal.loader.BundleLoader::findClass0@208 (line 500)
  0x000001f42568d33c: 2e07 e91a 

  0x000001f42568d340: ;   {metadata({method} {0x000001f439457080} 'valueOf' '(Ljava/lang/Object;)Ljava/lang/String;' in 'java/lang/String')}
  0x000001f42568d340: d8ff ff49 | ba78 7045 | 39f4 0100 | 004c 8954 | 2408 48c7 | 0424 ffff 

  0x000001f42568d358: ;   {runtime_call counter_overflow Runtime1 stub}
  0x000001f42568d358: ffff e821 

  0x000001f42568d35c: ; ImmutableOopMap {[160]=Oop [168]=Oop [240]=Oop [248]=Oop [256]=Oop }
                      ;*synchronization entry
                      ; - java.lang.String::valueOf@-1
                      ; - java.lang.StringBuilder::append@2
                      ; - org.eclipse.osgi.internal.loader.BundleLoader::findClass0@208 (line 500)
  0x000001f42568d35c: 892e 07e9 | 32d8 ffff 

  0x000001f42568d364: ;   {runtime_call throw_null_pointer_exception Runtime1 stub}
  0x000001f42568d364: e897 4c25 

  0x000001f42568d368: ; ImmutableOopMap {rbx=Oop [160]=Oop [168]=Oop [240]=Oop [248]=Oop [256]=Oop }
                      ;*invokevirtual toString {reexecute=0 rethrow=0 return_oop=0}
                      ; - java.lang.String::valueOf@11
                      ; - java.lang.StringBuilder::append@2
                      ; - org.eclipse.osgi.internal.loader.BundleLoader::findClass0@208 (line 500)
                      ;   {metadata({method} {0x000001f4394638a0} 'append' '(Ljava/lang/String;)Ljava/lang/StringBuilder;' in 'java/lang/StringBuilder')}
  0x000001f42568d368: 0749 ba98 | 3846 39f4 | 0100 004c | 8954 2408 | 48c7 0424 | ffff ffff 

  0x000001f42568d380: ;   {runtime_call counter_overflow Runtime1 stub}
  0x000001f42568d380: e8fb 882e 

  0x000001f42568d384: ; ImmutableOopMap {rsi=Oop [160]=Oop [168]=Oop [240]=Oop [248]=Oop [256]=Oop }
                      ;*synchronization entry
                      ; - java.lang.StringBuilder::append@-1
                      ; - java.lang.StringBuilder::append@5
                      ; - org.eclipse.osgi.internal.loader.BundleLoader::findClass0@208 (line 500)
  0x000001f42568d384: 07e9 50d9 

  0x000001f42568d388: ;   {metadata({method} {0x000001f439008b50} 'toString' '()Ljava/lang/String;' in 'java/lang/StringBuilder')}
  0x000001f42568d388: ffff 49ba | 488b 0039 | f401 0000 | 4c89 5424 | 0848 c704 | 24ff ffff 

  0x000001f42568d3a0: ;   {runtime_call counter_overflow Runtime1 stub}
  0x000001f42568d3a0: ffe8 da88 

  0x000001f42568d3a4: ; ImmutableOopMap {r8=Oop [160]=Oop [168]=Oop [248]=Oop [256]=Oop }
                      ;*synchronization entry
                      ; - java.lang.StringBuilder::toString@-1
                      ; - org.eclipse.osgi.internal.loader.BundleLoader::findClass0@211 (line 500)
  0x000001f42568d3a4: 2e07 e9a5 | d9ff ff48 

  0x000001f42568d3ac: ;   {runtime_call fast_new_instance Runtime1 stub}
  0x000001f42568d3ac: 8bd2 e84d 

  0x000001f42568d3b0: ; ImmutableOopMap {r8=Oop [160]=Oop [168]=Oop [248]=Oop [256]=Oop }
                      ;*new {reexecute=0 rethrow=0 return_oop=0}
                      ; - java.lang.StringBuilder::toString@0
                      ; - org.eclipse.osgi.internal.loader.BundleLoader::findClass0@211 (line 500)
  0x000001f42568d3b0: 4325 07e9 | e8d9 ffff 

  0x000001f42568d3b8: ;   {metadata({method} {0x000001f439457bd8} '<init>' '(Ljava/lang/StringBuilder;)V' in 'java/lang/String')}
  0x000001f42568d3b8: 49ba d07b | 4539 f401 | 0000 4c89 | 5424 0848 | c704 24ff 

  0x000001f42568d3cc: ;   {runtime_call counter_overflow Runtime1 stub}
  0x000001f42568d3cc: ffff ffe8 

  0x000001f42568d3d0: ; ImmutableOopMap {r8=Oop rax=Oop [160]=Oop [168]=Oop [248]=Oop [256]=Oop }
                      ;*synchronization entry
                      ; - java.lang.String::<init>@-1
                      ; - java.lang.StringBuilder::toString@5
                      ; - org.eclipse.osgi.internal.loader.BundleLoader::findClass0@211 (line 500)
  0x000001f42568d3d0: ac88 2e07 | e903 daff 

  0x000001f42568d3d8: ;   {metadata({method} {0x000001f4004e2040} 'trace' '(Ljava/lang/String;Ljava/lang/String;)V' in 'org/eclipse/osgi/internal/debug/Debug')}
  0x000001f42568d3d8: ff49 ba38 | 204e 00f4 | 0100 004c | 8954 2408 | 48c7 0424 | ffff ffff 

  0x000001f42568d3f0: ;   {runtime_call counter_overflow Runtime1 stub}
  0x000001f42568d3f0: e88b 882e 

  0x000001f42568d3f4: ; ImmutableOopMap {[160]=Oop [168]=Oop [248]=Oop [256]=Oop [264]=Oop }
                      ;*synchronization entry
                      ; - org.eclipse.osgi.internal.debug.Debug::trace@-1 (line 221)
                      ; - org.eclipse.osgi.internal.loader.BundleLoader::findClass0@214 (line 500)
  0x000001f42568d3f4: 07e9 71da 

  0x000001f42568d3f8: ;   {runtime_call throw_incompatible_class_change_error Runtime1 stub}
  0x000001f42568d3f8: ffff e881 

  0x000001f42568d3fc: ; ImmutableOopMap {rdx=Oop [160]=Oop [168]=Oop [248]=Oop [264]=Oop }
                      ;*invokeinterface getLogger {reexecute=0 rethrow=0 return_oop=0}
                      ; - org.eclipse.osgi.internal.debug.Debug::trace@11 (line 230)
                      ; - org.eclipse.osgi.internal.loader.BundleLoader::findClass0@214 (line 500)
                      ;   {runtime_call throw_null_pointer_exception Runtime1 stub}
  0x000001f42568d3fc: 5e2e 07e8 

  0x000001f42568d400: ; ImmutableOopMap {rdx=Oop [160]=Oop [168]=Oop [248]=Oop [264]=Oop }
                      ;*invokeinterface getLogger {reexecute=0 rethrow=0 return_oop=0}
                      ; - org.eclipse.osgi.internal.debug.Debug::trace@11 (line 230)
                      ; - org.eclipse.osgi.internal.loader.BundleLoader::findClass0@214 (line 500)
  0x000001f42568d400: fc4b 2507 

  0x000001f42568d404: ;   {metadata({method} {0x000001f400509208} 'getLogger' '(Ljava/lang/String;)Lorg/osgi/service/log/Logger;' in 'org/eclipse/osgi/internal/log/ExtendedLogServiceImpl')}
  0x000001f42568d404: 49ba 0092 | 5000 f401 | 0000 4c89 | 5424 0848 | c704 24ff 

  0x000001f42568d418: ;   {runtime_call counter_overflow Runtime1 stub}
  0x000001f42568d418: ffff ffe8 

  0x000001f42568d41c: ; ImmutableOopMap {rdx=Oop [160]=Oop [168]=Oop [248]=Oop [264]=Oop }
                      ;*synchronization entry
                      ; - org.eclipse.osgi.internal.log.ExtendedLogServiceImpl::getLogger@-1 (line 1)
                      ; - org.eclipse.osgi.internal.debug.Debug::trace@11 (line 230)
                      ; - org.eclipse.osgi.internal.loader.BundleLoader::findClass0@214 (line 500)
  0x000001f42568d41c: 6088 2e07 | e90b dbff 

  0x000001f42568d424: ;   {metadata({method} {0x000001f400506a80} 'getLogger' '(Ljava/lang/String;)Lorg/eclipse/equinox/log/Logger;' in 'org/eclipse/osgi/internal/log/ExtendedLogServiceImpl')}
  0x000001f42568d424: ff49 ba78 | 6a50 00f4 | 0100 004c | 8954 2408 | 48c7 0424 | ffff ffff 

  0x000001f42568d43c: ;   {runtime_call counter_overflow Runtime1 stub}
  0x000001f42568d43c: e83f 882e 

  0x000001f42568d440: ; ImmutableOopMap {rdx=Oop [160]=Oop [168]=Oop [248]=Oop [264]=Oop }
                      ;*synchronization entry
                      ; - org.eclipse.osgi.internal.log.ExtendedLogServiceImpl::getLogger@-1 (line 73)
                      ; - org.eclipse.osgi.internal.log.ExtendedLogServiceImpl::getLogger@2 (line 1)
                      ; - org.eclipse.osgi.internal.debug.Debug::trace@11 (line 230)
                      ; - org.eclipse.osgi.internal.loader.BundleLoader::findClass0@214 (line 500)
  0x000001f42568d440: 07e9 3cdb | ffff 4889 

  0x000001f42568d448: ;   {runtime_call throw_class_cast_exception Runtime1 stub}
  0x000001f42568d448: 0424 e831 

  0x000001f42568d44c: ; ImmutableOopMap {[160]=Oop [168]=Oop [248]=Oop [264]=Oop }
                      ;*checkcast {reexecute=0 rethrow=0 return_oop=0}
                      ; - org.eclipse.osgi.internal.log.ExtendedLogServiceImpl::getLogger@7 (line 73)
                      ; - org.eclipse.osgi.internal.log.ExtendedLogServiceImpl::getLogger@2 (line 1)
                      ; - org.eclipse.osgi.internal.debug.Debug::trace@11 (line 230)
                      ; - org.eclipse.osgi.internal.loader.BundleLoader::findClass0@214 (line 500)
                      ;   {runtime_call throw_null_pointer_exception Runtime1 stub}
  0x000001f42568d44c: 5b2e 07e8 

  0x000001f42568d450: ; ImmutableOopMap {rdx=Oop [160]=Oop [168]=Oop [248]=Oop [264]=Oop }
                      ;*invokeinterface trace {reexecute=0 rethrow=0 return_oop=0}
                      ; - org.eclipse.osgi.internal.debug.Debug::trace@17 (line 230)
                      ; - org.eclipse.osgi.internal.loader.BundleLoader::findClass0@214 (line 500)
  0x000001f42568d450: ac4b 2507 

  0x000001f42568d454: ;   {runtime_call throw_null_pointer_exception Runtime1 stub}
  0x000001f42568d454: e8a7 4b25 

  0x000001f42568d458: ; ImmutableOopMap {rax=Oop rdx=Oop [160]=Oop [168]=Oop [248]=Oop }
                      ;*invokevirtual println {reexecute=0 rethrow=0 return_oop=0}
                      ; - org.eclipse.osgi.internal.debug.Debug::trace@29 (line 232)
                      ; - org.eclipse.osgi.internal.loader.BundleLoader::findClass0@214 (line 500)
                      ;   {runtime_call throw_null_pointer_exception Runtime1 stub}
  0x000001f42568d458: 07e8 a24b 

  0x000001f42568d45c: ; ImmutableOopMap {rbx=Oop [160]=Oop [168]=Oop [248]=Oop }
                      ;*invokevirtual loadClass {reexecute=0 rethrow=0 return_oop=0}
                      ; - org.eclipse.osgi.internal.loader.BundleLoader::findClass0@220 (line 503)
                      ;   {runtime_call throw_null_pointer_exception Runtime1 stub}
  0x000001f42568d45c: 2507 e89d 

  0x000001f42568d460: ; ImmutableOopMap {rax=Oop [160]=Oop [168]=Oop }
                      ;*invokevirtual publicFindLoaded {reexecute=0 rethrow=0 return_oop=0}
                      ; - org.eclipse.osgi.internal.loader.BundleLoader::findClass0@235 (line 507)
                      ;   {metadata({method} {0x000001f400622558} 'publicFindLoaded' '(Ljava/lang/String;)Ljava/lang/Class;' in 'org/eclipse/osgi/internal/loader/ModuleClassLoader')}
  0x000001f42568d460: 4b25 0749 | ba50 2562 | 00f4 0100 | 004c 8954 | 2408 48c7 | 0424 ffff 

  0x000001f42568d478: ;   {runtime_call counter_overflow Runtime1 stub}
  0x000001f42568d478: ffff e801 

  0x000001f42568d47c: ; ImmutableOopMap {rax=Oop [160]=Oop [168]=Oop }
                      ;*synchronization entry
                      ; - org.eclipse.osgi.internal.loader.ModuleClassLoader::publicFindLoaded@-1 (line 323)
                      ; - org.eclipse.osgi.internal.loader.BundleLoader::findClass0@235 (line 507)
  0x000001f42568d47c: 882e 07e9 | e0df ffff 

  0x000001f42568d484: ;   {metadata({method} {0x000001f400623108} 'getClassLoadingLock' '(Ljava/lang/String;)Ljava/lang/Object;' in 'org/eclipse/osgi/internal/loader/ModuleClassLoader')}
  0x000001f42568d484: 49ba 0031 | 6200 f401 | 0000 4c89 | 5424 0848 | c704 24ff 

  0x000001f42568d498: ;   {runtime_call counter_overflow Runtime1 stub}
  0x000001f42568d498: ffff ffe8 

  0x000001f42568d49c: ; ImmutableOopMap {rax=Oop [160]=Oop [168]=Oop }
                      ;*synchronization entry
                      ; - org.eclipse.osgi.internal.loader.ModuleClassLoader::getClassLoadingLock@-1 (line 437)
                      ; - org.eclipse.osgi.internal.loader.ModuleClassLoader::publicFindLoaded@2 (line 323)
                      ; - org.eclipse.osgi.internal.loader.BundleLoader::findClass0@235 (line 507)
  0x000001f42568d49c: e087 2e07 | e97c e0ff 

  0x000001f42568d4a4: ;   {runtime_call throw_null_pointer_exception Runtime1 stub}
  0x000001f42568d4a4: ffe8 564b 

  0x000001f42568d4a8: ; ImmutableOopMap {rax=Oop rdx=Oop [160]=Oop [168]=Oop }
                      ;*invokevirtual getLock {reexecute=0 rethrow=0 return_oop=0}
                      ; - org.eclipse.osgi.internal.loader.ModuleClassLoader::getClassLoadingLock@5 (line 437)
                      ; - org.eclipse.osgi.internal.loader.ModuleClassLoader::publicFindLoaded@2 (line 323)
                      ; - org.eclipse.osgi.internal.loader.BundleLoader::findClass0@235 (line 507)
                      ;   {runtime_call throw_null_pointer_exception Runtime1 stub}
  0x000001f42568d4a8: 2507 e851 

  0x000001f42568d4ac: ; ImmutableOopMap {rsi=Oop [160]=Oop [168]=Oop [272]=Oop [280]=Oop }
                      ;*monitorenter {reexecute=0 rethrow=0 return_oop=0}
                      ; - org.eclipse.osgi.internal.loader.ModuleClassLoader::publicFindLoaded@7 (line 323)
                      ; - org.eclipse.osgi.internal.loader.BundleLoader::findClass0@235 (line 507)
  0x000001f42568d4ac: 4b25 0748 | 8974 2408 | 4889 1424 

  0x000001f42568d4b8: ;   {runtime_call monitorenter_nofpu Runtime1 stub}
  0x000001f42568d4b8: e8c3 662e 

  0x000001f42568d4bc: ; ImmutableOopMap {rsi=Oop [160]=Oop [168]=Oop [272]=Oop [280]=Oop [336]=Oop }
                      ;*monitorenter {reexecute=0 rethrow=0 return_oop=0}
                      ; - org.eclipse.osgi.internal.loader.ModuleClassLoader::publicFindLoaded@7 (line 323)
                      ; - org.eclipse.osgi.internal.loader.BundleLoader::findClass0@235 (line 507)
  0x000001f42568d4bc: 07e9 dfe0 

  0x000001f42568d4c0: ;   {metadata({method} {0x000001f4394372b0} 'findLoadedClass' '(Ljava/lang/String;)Ljava/lang/Class;' in 'java/lang/ClassLoader')}
  0x000001f42568d4c0: ffff 49ba | a872 4339 | f401 0000 | 4c89 5424 | 0848 c704 | 24ff ffff 

  0x000001f42568d4d8: ;   {runtime_call counter_overflow Runtime1 stub}
  0x000001f42568d4d8: ffe8 a287 

  0x000001f42568d4dc: ; ImmutableOopMap {[160]=Oop [168]=Oop [272]=Oop [280]=Oop [336]=Oop }
                      ;*synchronization entry
                      ; - java.lang.ClassLoader::findLoadedClass@-1
                      ; - org.eclipse.osgi.internal.loader.ModuleClassLoader::publicFindLoaded@10 (line 324)
                      ; - org.eclipse.osgi.internal.loader.BundleLoader::findClass0@235 (line 507)
  0x000001f42568d4dc: 2e07 e9ff | e0ff ff48 | 8d84 2448 | 0100 0048 

  0x000001f42568d4ec: ;   {runtime_call monitorexit_nofpu Runtime1 stub}
  0x000001f42568d4ec: 8904 24e8 | 8c6c 2e07 | e9b8 e1ff 

  0x000001f42568d4f8: ;   {internal_word}
  0x000001f42568d4f8: ff49 baeb | b668 25f4 | 0100 004d | 8997 6004 

  0x000001f42568d508: ;   {runtime_call SafepointBlob}
  0x000001f42568d508: 0000 e9f1 

  0x000001f42568d50c: ;   {runtime_call throw_null_pointer_exception Runtime1 stub}
  0x000001f42568d50c: 7523 07e8 

  0x000001f42568d510: ; ImmutableOopMap {rax=Oop rdx=Oop rbx=Oop [160]=Oop [168]=Oop [208]=Oop [296]=Oop [304]=Oop }
                      ;*getfield DEBUG_LOADER {reexecute=1 rethrow=0 return_oop=0}
                      ; - (reexecute) org.eclipse.osgi.internal.loader.BundleLoader::findClass0@273 (line 516)
  0x000001f42568d510: ec4a 2507 

  0x000001f42568d514: ;   {metadata(nullptr)}
  0x000001f42568d514: 48ba 0000 | 0000 0000 | 0000 b800 

  0x000001f42568d520: ;   {runtime_call load_klass_patching Runtime1 stub}
  0x000001f42568d520: 0f05 0ae8 

  0x000001f42568d524: ; ImmutableOopMap {[160]=Oop [168]=Oop [208]=Oop [296]=Oop [304]=Oop }
                      ;*new {reexecute=1 rethrow=0 return_oop=0}
                      ; - (reexecute) org.eclipse.osgi.internal.loader.BundleLoader::findClass0@286 (line 518)
  0x000001f42568d524: d876 2e07 | e993 e2ff | ff48 8bd2 

  0x000001f42568d530: ;   {runtime_call fast_new_instance Runtime1 stub}
  0x000001f42568d530: e8cb 4125 

  0x000001f42568d534: ; ImmutableOopMap {[160]=Oop [168]=Oop [208]=Oop [296]=Oop [304]=Oop }
                      ;*new {reexecute=0 rethrow=0 return_oop=0}
                      ; - org.eclipse.osgi.internal.loader.BundleLoader::findClass0@286 (line 518)
  0x000001f42568d534: 07e9 d6e2 

  0x000001f42568d538: ;   {metadata({method} {0x000001f439463b60} '<init>' '(Ljava/lang/String;)V' in 'java/lang/StringBuilder')}
  0x000001f42568d538: ffff 49ba | 583b 4639 | f401 0000 | 4c89 5424 | 0848 c704 | 24ff ffff 

  0x000001f42568d550: ;   {runtime_call counter_overflow Runtime1 stub}
  0x000001f42568d550: ffe8 2a87 

  0x000001f42568d554: ; ImmutableOopMap {rax=Oop [160]=Oop [168]=Oop [208]=Oop [296]=Oop [304]=Oop }
                      ;*synchronization entry
                      ; - java.lang.StringBuilder::<init>@-1
                      ; - org.eclipse.osgi.internal.loader.BundleLoader::findClass0@293 (line 518)
  0x000001f42568d554: 2e07 e9f3 

  0x000001f42568d558: ;   {metadata({method} {0x000001f4394638f8} 'append' '(Ljava/lang/Object;)Ljava/lang/StringBuilder;' in 'java/lang/StringBuilder')}
  0x000001f42568d558: e2ff ff49 | baf0 3846 | 39f4 0100 | 004c 8954 | 2408 48c7 | 0424 ffff 

  0x000001f42568d570: ;   {runtime_call counter_overflow Runtime1 stub}
  0x000001f42568d570: ffff e809 

  0x000001f42568d574: ; ImmutableOopMap {[160]=Oop [168]=Oop [208]=Oop [288]=Oop [296]=Oop [304]=Oop }
                      ;*synchronization entry
                      ; - java.lang.StringBuilder::append@-1
                      ; - org.eclipse.osgi.internal.loader.BundleLoader::findClass0@297 (line 518)
  0x000001f42568d574: 872e 07e9 | 51e3 ffff 

  0x000001f42568d57c: ;   {metadata({method} {0x000001f439457080} 'valueOf' '(Ljava/lang/Object;)Ljava/lang/String;' in 'java/lang/String')}
  0x000001f42568d57c: 49ba 7870 | 4539 f401 | 0000 4c89 | 5424 0848 | c704 24ff 

  0x000001f42568d590: ;   {runtime_call counter_overflow Runtime1 stub}
  0x000001f42568d590: ffff ffe8 

  0x000001f42568d594: ; ImmutableOopMap {[160]=Oop [168]=Oop [208]=Oop [288]=Oop [296]=Oop [304]=Oop }
                      ;*synchronization entry
                      ; - java.lang.String::valueOf@-1
                      ; - java.lang.StringBuilder::append@2
                      ; - org.eclipse.osgi.internal.loader.BundleLoader::findClass0@297 (line 518)
  0x000001f42568d594: e886 2e07 | e969 e3ff 

  0x000001f42568d59c: ;   {metadata({method} {0x000001f4394638a0} 'append' '(Ljava/lang/String;)Ljava/lang/StringBuilder;' in 'java/lang/StringBuilder')}
  0x000001f42568d59c: ff49 ba98 | 3846 39f4 | 0100 004c | 8954 2408 | 48c7 0424 | ffff ffff 

  0x000001f42568d5b4: ;   {runtime_call counter_overflow Runtime1 stub}
  0x000001f42568d5b4: e8c7 862e 

  0x000001f42568d5b8: ; ImmutableOopMap {rax=Oop [160]=Oop [168]=Oop [208]=Oop [288]=Oop [296]=Oop [304]=Oop }
                      ;*synchronization entry
                      ; - java.lang.StringBuilder::append@-1
                      ; - java.lang.StringBuilder::append@5
                      ; - org.eclipse.osgi.internal.loader.BundleLoader::findClass0@297 (line 518)
  0x000001f42568d5b8: 07e9 49e4 

  0x000001f42568d5bc: ;   {metadata({method} {0x000001f4394638a0} 'append' '(Ljava/lang/String;)Ljava/lang/StringBuilder;' in 'java/lang/StringBuilder')}
  0x000001f42568d5bc: ffff 49ba | 9838 4639 | f401 0000 | 4c89 5424 | 0848 c704 | 24ff ffff 

  0x000001f42568d5d4: ;   {runtime_call counter_overflow Runtime1 stub}
  0x000001f42568d5d4: ffe8 a686 

  0x000001f42568d5d8: ; ImmutableOopMap {[160]=Oop [168]=Oop [208]=Oop [288]=Oop [296]=Oop [304]=Oop }
                      ;*synchronization entry
                      ; - java.lang.StringBuilder::append@-1
                      ; - org.eclipse.osgi.internal.loader.BundleLoader::findClass0@303 (line 518)
  0x000001f42568d5d8: 2e07 e9a0 

  0x000001f42568d5dc: ;   {metadata({method} {0x000001f4394638f8} 'append' '(Ljava/lang/Object;)Ljava/lang/StringBuilder;' in 'java/lang/StringBuilder')}
  0x000001f42568d5dc: e4ff ff49 | baf0 3846 | 39f4 0100 | 004c 8954 | 2408 48c7 | 0424 ffff 

  0x000001f42568d5f4: ;   {runtime_call counter_overflow Runtime1 stub}
  0x000001f42568d5f4: ffff e885 

  0x000001f42568d5f8: ; ImmutableOopMap {[160]=Oop [168]=Oop [208]=Oop [288]=Oop [296]=Oop [304]=Oop }
                      ;*synchronization entry
                      ; - java.lang.StringBuilder::append@-1
                      ; - org.eclipse.osgi.internal.loader.BundleLoader::findClass0@308 (line 518)
  0x000001f42568d5f8: 862e 07e9 | fde4 ffff 

  0x000001f42568d600: ;   {metadata({method} {0x000001f439457080} 'valueOf' '(Ljava/lang/Object;)Ljava/lang/String;' in 'java/lang/String')}
  0x000001f42568d600: 49ba 7870 | 4539 f401 | 0000 4c89 | 5424 0848 | c704 24ff 

  0x000001f42568d614: ;   {runtime_call counter_overflow Runtime1 stub}
  0x000001f42568d614: ffff ffe8 

  0x000001f42568d618: ; ImmutableOopMap {[160]=Oop [168]=Oop [208]=Oop [288]=Oop [296]=Oop [304]=Oop }
                      ;*synchronization entry
                      ; - java.lang.String::valueOf@-1
                      ; - java.lang.StringBuilder::append@2
                      ; - org.eclipse.osgi.internal.loader.BundleLoader::findClass0@308 (line 518)
  0x000001f42568d618: 6486 2e07 | e915 e5ff 

  0x000001f42568d620: ;   {runtime_call throw_null_pointer_exception Runtime1 stub}
  0x000001f42568d620: ffe8 da49 

  0x000001f42568d624: ; ImmutableOopMap {rax=Oop [160]=Oop [168]=Oop [208]=Oop [288]=Oop [296]=Oop [304]=Oop }
                      ;*invokevirtual toString {reexecute=0 rethrow=0 return_oop=0}
                      ; - java.lang.String::valueOf@11
                      ; - java.lang.StringBuilder::append@2
                      ; - org.eclipse.osgi.internal.loader.BundleLoader::findClass0@308 (line 518)
                      ;   {metadata({method} {0x000001f4394638a0} 'append' '(Ljava/lang/String;)Ljava/lang/StringBuilder;' in 'java/lang/StringBuilder')}
  0x000001f42568d624: 2507 49ba | 9838 4639 | f401 0000 | 4c89 5424 | 0848 c704 | 24ff ffff 

  0x000001f42568d63c: ;   {runtime_call counter_overflow Runtime1 stub}
  0x000001f42568d63c: ffe8 3e86 

  0x000001f42568d640: ; ImmutableOopMap {rsi=Oop [160]=Oop [168]=Oop [208]=Oop [288]=Oop [296]=Oop [304]=Oop }
                      ;*synchronization entry
                      ; - java.lang.StringBuilder::append@-1
                      ; - java.lang.StringBuilder::append@5
                      ; - org.eclipse.osgi.internal.loader.BundleLoader::findClass0@308 (line 518)
  0x000001f42568d640: 2e07 e933 

  0x000001f42568d644: ;   {metadata({method} {0x000001f439008b50} 'toString' '()Ljava/lang/String;' in 'java/lang/StringBuilder')}
  0x000001f42568d644: e6ff ff49 | ba48 8b00 | 39f4 0100 | 004c 8954 | 2408 48c7 | 0424 ffff 

  0x000001f42568d65c: ;   {runtime_call counter_overflow Runtime1 stub}
  0x000001f42568d65c: ffff e81d 

  0x000001f42568d660: ; ImmutableOopMap {r8=Oop [160]=Oop [168]=Oop [208]=Oop [296]=Oop [304]=Oop }
                      ;*synchronization entry
                      ; - java.lang.StringBuilder::toString@-1
                      ; - org.eclipse.osgi.internal.loader.BundleLoader::findClass0@311 (line 518)
  0x000001f42568d660: 862e 07e9 | 88e6 ffff 

  0x000001f42568d668: ;   {runtime_call fast_new_instance Runtime1 stub}
  0x000001f42568d668: 488b d2e8 

  0x000001f42568d66c: ; ImmutableOopMap {r8=Oop [160]=Oop [168]=Oop [208]=Oop [296]=Oop [304]=Oop }
                      ;*new {reexecute=0 rethrow=0 return_oop=0}
                      ; - java.lang.StringBuilder::toString@0
                      ; - org.eclipse.osgi.internal.loader.BundleLoader::findClass0@311 (line 518)
  0x000001f42568d66c: 9040 2507 | e9cb e6ff 

  0x000001f42568d674: ;   {metadata({method} {0x000001f439457bd8} '<init>' '(Ljava/lang/StringBuilder;)V' in 'java/lang/String')}
  0x000001f42568d674: ff49 bad0 | 7b45 39f4 | 0100 004c | 8954 2408 | 48c7 0424 | ffff ffff 

  0x000001f42568d68c: ;   {runtime_call counter_overflow Runtime1 stub}
  0x000001f42568d68c: e8ef 852e 

  0x000001f42568d690: ; ImmutableOopMap {r8=Oop rax=Oop [160]=Oop [168]=Oop [208]=Oop [296]=Oop [304]=Oop }
                      ;*synchronization entry
                      ; - java.lang.String::<init>@-1
                      ; - java.lang.StringBuilder::toString@5
                      ; - org.eclipse.osgi.internal.loader.BundleLoader::findClass0@311 (line 518)
  0x000001f42568d690: 07e9 e8e6 

  0x000001f42568d694: ;   {metadata({method} {0x000001f4004e2040} 'trace' '(Ljava/lang/String;Ljava/lang/String;)V' in 'org/eclipse/osgi/internal/debug/Debug')}
  0x000001f42568d694: ffff 49ba | 3820 4e00 | f401 0000 | 4c89 5424 | 0848 c704 | 24ff ffff 

  0x000001f42568d6ac: ;   {runtime_call counter_overflow Runtime1 stub}
  0x000001f42568d6ac: ffe8 ce85 

  0x000001f42568d6b0: ; ImmutableOopMap {[160]=Oop [168]=Oop [208]=Oop [296]=Oop [304]=Oop [312]=Oop }
                      ;*synchronization entry
                      ; - org.eclipse.osgi.internal.debug.Debug::trace@-1 (line 221)
                      ; - org.eclipse.osgi.internal.loader.BundleLoader::findClass0@314 (line 517)
  0x000001f42568d6b0: 2e07 e95c 

  0x000001f42568d6b4: ;   {runtime_call throw_incompatible_class_change_error Runtime1 stub}
  0x000001f42568d6b4: e7ff ffe8 

  0x000001f42568d6b8: ; ImmutableOopMap {rdx=Oop [160]=Oop [168]=Oop [208]=Oop [296]=Oop [312]=Oop }
                      ;*invokeinterface getLogger {reexecute=0 rethrow=0 return_oop=0}
                      ; - org.eclipse.osgi.internal.debug.Debug::trace@11 (line 230)
                      ; - org.eclipse.osgi.internal.loader.BundleLoader::findClass0@314 (line 517)
  0x000001f42568d6b8: c45b 2e07 

  0x000001f42568d6bc: ;   {runtime_call throw_null_pointer_exception Runtime1 stub}
  0x000001f42568d6bc: e83f 4925 

  0x000001f42568d6c0: ; ImmutableOopMap {rdx=Oop [160]=Oop [168]=Oop [208]=Oop [296]=Oop [312]=Oop }
                      ;*invokeinterface getLogger {reexecute=0 rethrow=0 return_oop=0}
                      ; - org.eclipse.osgi.internal.debug.Debug::trace@11 (line 230)
                      ; - org.eclipse.osgi.internal.loader.BundleLoader::findClass0@314 (line 517)
                      ;   {metadata({method} {0x000001f400509208} 'getLogger' '(Ljava/lang/String;)Lorg/osgi/service/log/Logger;' in 'org/eclipse/osgi/internal/log/ExtendedLogServiceImpl')}
  0x000001f42568d6c0: 0749 ba00 | 9250 00f4 | 0100 004c | 8954 2408 | 48c7 0424 | ffff ffff 

  0x000001f42568d6d8: ;   {runtime_call counter_overflow Runtime1 stub}
  0x000001f42568d6d8: e8a3 852e 

  0x000001f42568d6dc: ; ImmutableOopMap {rdx=Oop [160]=Oop [168]=Oop [208]=Oop [296]=Oop [312]=Oop }
                      ;*synchronization entry
                      ; - org.eclipse.osgi.internal.log.ExtendedLogServiceImpl::getLogger@-1 (line 1)
                      ; - org.eclipse.osgi.internal.debug.Debug::trace@11 (line 230)
                      ; - org.eclipse.osgi.internal.loader.BundleLoader::findClass0@314 (line 517)
  0x000001f42568d6dc: 07e9 f5e7 

  0x000001f42568d6e0: ;   {metadata({method} {0x000001f400506a80} 'getLogger' '(Ljava/lang/String;)Lorg/eclipse/equinox/log/Logger;' in 'org/eclipse/osgi/internal/log/ExtendedLogServiceImpl')}
  0x000001f42568d6e0: ffff 49ba | 786a 5000 | f401 0000 | 4c89 5424 | 0848 c704 | 24ff ffff 

  0x000001f42568d6f8: ;   {runtime_call counter_overflow Runtime1 stub}
  0x000001f42568d6f8: ffe8 8285 

  0x000001f42568d6fc: ; ImmutableOopMap {rdx=Oop [160]=Oop [168]=Oop [208]=Oop [296]=Oop [312]=Oop }
                      ;*synchronization entry
                      ; - org.eclipse.osgi.internal.log.ExtendedLogServiceImpl::getLogger@-1 (line 73)
                      ; - org.eclipse.osgi.internal.log.ExtendedLogServiceImpl::getLogger@2 (line 1)
                      ; - org.eclipse.osgi.internal.debug.Debug::trace@11 (line 230)
                      ; - org.eclipse.osgi.internal.loader.BundleLoader::findClass0@314 (line 517)
  0x000001f42568d6fc: 2e07 e926 | e8ff ff48 

  0x000001f42568d704: ;   {runtime_call throw_class_cast_exception Runtime1 stub}
  0x000001f42568d704: 8904 24e8 

  0x000001f42568d708: ; ImmutableOopMap {[160]=Oop [168]=Oop [208]=Oop [296]=Oop [312]=Oop }
                      ;*checkcast {reexecute=0 rethrow=0 return_oop=0}
                      ; - org.eclipse.osgi.internal.log.ExtendedLogServiceImpl::getLogger@7 (line 73)
                      ; - org.eclipse.osgi.internal.log.ExtendedLogServiceImpl::getLogger@2 (line 1)
                      ; - org.eclipse.osgi.internal.debug.Debug::trace@11 (line 230)
                      ; - org.eclipse.osgi.internal.loader.BundleLoader::findClass0@314 (line 517)
  0x000001f42568d708: 7458 2e07 

  0x000001f42568d70c: ;   {runtime_call throw_null_pointer_exception Runtime1 stub}
  0x000001f42568d70c: e8ef 4825 

  0x000001f42568d710: ; ImmutableOopMap {rdx=Oop [160]=Oop [168]=Oop [208]=Oop [296]=Oop [312]=Oop }
                      ;*invokeinterface trace {reexecute=0 rethrow=0 return_oop=0}
                      ; - org.eclipse.osgi.internal.debug.Debug::trace@17 (line 230)
                      ; - org.eclipse.osgi.internal.loader.BundleLoader::findClass0@314 (line 517)
                      ;   {runtime_call throw_null_pointer_exception Runtime1 stub}
  0x000001f42568d710: 07e8 ea48 

  0x000001f42568d714: ; ImmutableOopMap {rax=Oop rdx=Oop [160]=Oop [168]=Oop [208]=Oop [296]=Oop }
                      ;*invokevirtual println {reexecute=0 rethrow=0 return_oop=0}
                      ; - org.eclipse.osgi.internal.debug.Debug::trace@29 (line 232)
                      ; - org.eclipse.osgi.internal.loader.BundleLoader::findClass0@314 (line 517)
                      ;   {runtime_call throw_null_pointer_exception Runtime1 stub}
  0x000001f42568d714: 2507 e8e5 

  0x000001f42568d718: ; ImmutableOopMap {rax=Oop [160]=Oop [168]=Oop [208]=Oop [296]=Oop }
                      ;*invokevirtual loadClass {reexecute=0 rethrow=0 return_oop=0}
                      ; - org.eclipse.osgi.internal.loader.BundleLoader::findClass0@320 (line 521)
  0x000001f42568d718: 4825 0748 

  0x000001f42568d71c: ;   {runtime_call throw_class_cast_exception Runtime1 stub}
  0x000001f42568d71c: 8904 24e8 

  0x000001f42568d720: ; ImmutableOopMap {[160]=Oop [168]=Oop [320]=Oop }
                      ;*checkcast {reexecute=0 rethrow=0 return_oop=0}
                      ; - org.eclipse.osgi.internal.loader.BundleLoader::findClass0@397 (line 542)
  0x000001f42568d720: 5c58 2e07 

  0x000001f42568d724: ;   {runtime_call throw_null_pointer_exception Runtime1 stub}
  0x000001f42568d724: e8d7 4825 

  0x000001f42568d728: ; ImmutableOopMap {rax=Oop [160]=Oop [168]=Oop }
                      ;*invokevirtual loadClass {reexecute=0 rethrow=0 return_oop=0}
                      ; - org.eclipse.osgi.internal.loader.BundleLoader::findClass0@366 (line 533)
                      ;   {internal_word}
  0x000001f42568d728: 0749 bab3 | c668 25f4 | 0100 004d | 8997 6004 

  0x000001f42568d738: ;   {runtime_call SafepointBlob}
  0x000001f42568d738: 0000 e9c1 

  0x000001f42568d73c: ;   {runtime_call throw_null_pointer_exception Runtime1 stub}
  0x000001f42568d73c: 7323 07e8 

  0x000001f42568d740: ; ImmutableOopMap {rdx=Oop rsi=Oop [160]=Oop [168]=Oop }
                      ;*invokevirtual getConfiguration {reexecute=0 rethrow=0 return_oop=0}
                      ; - org.eclipse.osgi.internal.loader.BundleLoader::findClass0@457 (line 554)
  0x000001f42568d740: bc48 2507 

  0x000001f42568d744: ;   {runtime_call throw_null_pointer_exception Runtime1 stub}
  0x000001f42568d744: e8b7 4825 

  0x000001f42568d748: ; ImmutableOopMap {rdx=Oop [160]=Oop [168]=Oop }
                      ;*getfield compatibilityBootDelegation {reexecute=1 rethrow=0 return_oop=0}
                      ; - (reexecute) org.eclipse.osgi.internal.loader.BundleLoader::findClass0@460 (line 554)
                      ;   {runtime_call throw_null_pointer_exception Runtime1 stub}
  0x000001f42568d748: 07e8 b248 

  0x000001f42568d74c: ; ImmutableOopMap {rdx=Oop rsi=Oop [160]=Oop [168]=Oop }
                      ;*invokevirtual loadClass {reexecute=0 rethrow=0 return_oop=0}
                      ; - org.eclipse.osgi.internal.loader.BundleLoader::findClass0@478 (line 557)
                      ;   {metadata({method} {0x000001f4390145e8} 'loadClass' '(Ljava/lang/String;)Ljava/lang/Class;' in 'java/lang/ClassLoader')}
  0x000001f42568d74c: 2507 49ba | e045 0139 | f401 0000 | 4c89 5424 | 0848 c704 | 24ff ffff 

  0x000001f42568d764: ;   {runtime_call counter_overflow Runtime1 stub}
  0x000001f42568d764: ffe8 1685 

  0x000001f42568d768: ; ImmutableOopMap {rdx=Oop rsi=Oop [160]=Oop [168]=Oop }
                      ;*synchronization entry
                      ; - java.lang.ClassLoader::loadClass@-1
                      ; - org.eclipse.osgi.internal.loader.BundleLoader::findClass0@478 (line 557)
  0x000001f42568d768: 2e07 e9ca 

  0x000001f42568d76c: ;   {internal_word}
  0x000001f42568d76c: f2ff ff49 | ba04 cb68 | 25f4 0100 | 004d 8997 | 6004 0000 

  0x000001f42568d780: ;   {runtime_call SafepointBlob}
  0x000001f42568d780: e97b 7323 

  0x000001f42568d784: ;   {internal_word}
  0x000001f42568d784: 0749 ba1d | cb68 25f4 | 0100 004d | 8997 6004 

  0x000001f42568d794: ;   {runtime_call SafepointBlob}
  0x000001f42568d794: 0000 e965 

  0x000001f42568d798: ;   {internal_word}
  0x000001f42568d798: 7323 0749 | ba33 cb68 | 25f4 0100 | 004d 8997 | 6004 0000 

  0x000001f42568d7ac: ;   {runtime_call SafepointBlob}
  0x000001f42568d7ac: e94f 7323 

  0x000001f42568d7b0: ;   {internal_word}
  0x000001f42568d7b0: 0749 ba8c | cb68 25f4 | 0100 004d | 8997 6004 

  0x000001f42568d7c0: ;   {runtime_call SafepointBlob}
  0x000001f42568d7c0: 0000 e939 

  0x000001f42568d7c4: ;   {internal_word}
  0x000001f42568d7c4: 7323 0749 | baa5 cb68 | 25f4 0100 | 004d 8997 | 6004 0000 

  0x000001f42568d7d8: ;   {runtime_call SafepointBlob}
  0x000001f42568d7d8: e923 7323 

  0x000001f42568d7dc: ;   {internal_word}
  0x000001f42568d7dc: 0749 babb | cb68 25f4 | 0100 004d | 8997 6004 

  0x000001f42568d7ec: ;   {runtime_call SafepointBlob}
  0x000001f42568d7ec: 0000 e90d 

  0x000001f42568d7f0: ;   {internal_word}
  0x000001f42568d7f0: 7323 0749 | ba14 cc68 | 25f4 0100 | 004d 8997 | 6004 0000 

  0x000001f42568d804: ;   {runtime_call SafepointBlob}
  0x000001f42568d804: e9f7 7223 

  0x000001f42568d808: ;   {internal_word}
  0x000001f42568d808: 0749 ba2a | cc68 25f4 | 0100 004d | 8997 6004 

  0x000001f42568d818: ;   {runtime_call SafepointBlob}
  0x000001f42568d818: 0000 e9e1 

  0x000001f42568d81c: ;   {internal_word}
  0x000001f42568d81c: 7223 0749 | ba40 cc68 | 25f4 0100 | 004d 8997 | 6004 0000 

  0x000001f42568d830: ;   {runtime_call SafepointBlob}
  0x000001f42568d830: e9cb 7223 

  0x000001f42568d834: ;   {runtime_call throw_null_pointer_exception Runtime1 stub}
  0x000001f42568d834: 07e8 c647 

  0x000001f42568d838: ; ImmutableOopMap {rdx=Oop [168]=Oop }
                      ;*invokevirtual loadClass {reexecute=0 rethrow=0 return_oop=0}
                      ; - org.eclipse.osgi.internal.loader.BundleLoader::findClass0@25 (line 469)
                      ;   {metadata({method} {0x000001f4390145e8} 'loadClass' '(Ljava/lang/String;)Ljava/lang/Class;' in 'java/lang/ClassLoader')}
  0x000001f42568d838: 2507 49ba | e045 0139 | f401 0000 | 4c89 5424 | 0848 c704 | 24ff ffff 

  0x000001f42568d850: ;   {runtime_call counter_overflow Runtime1 stub}
  0x000001f42568d850: ffe8 2a84 

  0x000001f42568d854: ; ImmutableOopMap {rdx=Oop [168]=Oop }
                      ;*synchronization entry
                      ; - java.lang.ClassLoader::loadClass@-1
                      ; - org.eclipse.osgi.internal.loader.BundleLoader::findClass0@25 (line 469)
  0x000001f42568d854: 2e07 e9b9 

  0x000001f42568d858: ;   {internal_word}
  0x000001f42568d858: f4ff ff49 | badc cd68 | 25f4 0100 | 004d 8997 | 6004 0000 

  0x000001f42568d86c: ;   {runtime_call SafepointBlob}
  0x000001f42568d86c: e98f 7223 

  0x000001f42568d870: ;   {internal_word}
  0x000001f42568d870: 0749 ba4c | ce68 25f4 | 0100 004d | 8997 6004 

  0x000001f42568d880: ;   {runtime_call SafepointBlob}
  0x000001f42568d880: 0000 e979 | 7223 0748 | 8d84 2448 | 0100 0048 

  0x000001f42568d890: ;   {runtime_call monitorexit_nofpu Runtime1 stub}
  0x000001f42568d890: 8904 24e8 | e868 2e07 | e905 f6ff | ff48 8d84 | 2448 0100 | 0048 8904 

  0x000001f42568d8a8: ;   {runtime_call monitorexit_nofpu Runtime1 stub}
  0x000001f42568d8a8: 24e8 d268 | 2e07 e93f | f6ff ff49 | 8b87 f804 | 0000 49c7 | 87f8 0400 | 0000 0000 | 0049 c787 
  0x000001f42568d8c8: 0005 0000 | 0000 0000 | 4881 c460 | 0100 005d 

  0x000001f42568d8d8: ;   {runtime_call unwind_exception Runtime1 stub}
  0x000001f42568d8d8: e923 5625 | 07f4 f4f4 
[Stub Code]
  0x000001f42568d8e0: ;   {no_reloc}
  0x000001f42568d8e0: 0f1f 4400 

  0x000001f42568d8e4: ;   {static_stub}
  0x000001f42568d8e4: 0048 bb00 | 0000 0000 

  0x000001f42568d8ec: ;   {runtime_call nmethod}
  0x000001f42568d8ec: 0000 00e9 | fbff ffff 

  0x000001f42568d8f4: ;   {static_stub}
  0x000001f42568d8f4: 9048 bb00 | 0000 0000 

  0x000001f42568d8fc: ;   {runtime_call nmethod}
  0x000001f42568d8fc: 0000 00e9 | fbff ffff 

  0x000001f42568d904: ;   {static_stub}
  0x000001f42568d904: 9048 bb00 | 0000 0000 

  0x000001f42568d90c: ;   {runtime_call nmethod}
  0x000001f42568d90c: 0000 00e9 | fbff ffff 

  0x000001f42568d914: ;   {static_stub}
  0x000001f42568d914: 9048 bb00 | 0000 0000 

  0x000001f42568d91c: ;   {runtime_call nmethod}
  0x000001f42568d91c: 0000 00e9 | fbff ffff 

  0x000001f42568d924: ;   {static_stub}
  0x000001f42568d924: 9048 bb00 | 0000 0000 

  0x000001f42568d92c: ;   {runtime_call nmethod}
  0x000001f42568d92c: 0000 00e9 | fbff ffff 

  0x000001f42568d934: ;   {static_stub}
  0x000001f42568d934: 9048 bb00 | 0000 0000 

  0x000001f42568d93c: ;   {runtime_call nmethod}
  0x000001f42568d93c: 0000 00e9 | fbff ffff 

  0x000001f42568d944: ;   {static_stub}
  0x000001f42568d944: 9048 bb00 | 0000 0000 

  0x000001f42568d94c: ;   {runtime_call nmethod}
  0x000001f42568d94c: 0000 00e9 | fbff ffff 

  0x000001f42568d954: ;   {static_stub}
  0x000001f42568d954: 9048 bb00 | 0000 0000 

  0x000001f42568d95c: ;   {runtime_call nmethod}
  0x000001f42568d95c: 0000 00e9 | fbff ffff 

  0x000001f42568d964: ;   {static_stub}
  0x000001f42568d964: 9048 bb80 | 5b4a 00f4 

  0x000001f42568d96c: ;   {runtime_call I2C/C2I adapters}
  0x000001f42568d96c: 0100 00e9 | f35d 2307 

  0x000001f42568d974: ;   {static_stub}
  0x000001f42568d974: 9048 bb00 | 0000 0000 

  0x000001f42568d97c: ;   {runtime_call nmethod}
  0x000001f42568d97c: 0000 00e9 | fbff ffff 

  0x000001f42568d984: ;   {static_stub}
  0x000001f42568d984: 9048 bb00 | 0000 0000 

  0x000001f42568d98c: ;   {runtime_call nmethod}
  0x000001f42568d98c: 0000 00e9 | fbff ffff 

  0x000001f42568d994: ;   {static_stub}
  0x000001f42568d994: 9048 bb00 | 0000 0000 

  0x000001f42568d99c: ;   {runtime_call nmethod}
  0x000001f42568d99c: 0000 00e9 | fbff ffff 

  0x000001f42568d9a4: ;   {static_stub}
  0x000001f42568d9a4: 9048 bb00 | 0000 0000 

  0x000001f42568d9ac: ;   {runtime_call nmethod}
  0x000001f42568d9ac: 0000 00e9 | fbff ffff 

  0x000001f42568d9b4: ;   {static_stub}
  0x000001f42568d9b4: 9048 bb00 | 0000 0000 

  0x000001f42568d9bc: ;   {runtime_call nmethod}
  0x000001f42568d9bc: 0000 00e9 | fbff ffff 

  0x000001f42568d9c4: ;   {static_stub}
  0x000001f42568d9c4: 9048 bb00 | 0000 0000 

  0x000001f42568d9cc: ;   {runtime_call nmethod}
  0x000001f42568d9cc: 0000 00e9 | fbff ffff 

  0x000001f42568d9d4: ;   {static_stub}
  0x000001f42568d9d4: 9048 bb00 | 0000 0000 

  0x000001f42568d9dc: ;   {runtime_call nmethod}
  0x000001f42568d9dc: 0000 00e9 | fbff ffff 

  0x000001f42568d9e4: ;   {static_stub}
  0x000001f42568d9e4: 9048 bb00 | 0000 0000 

  0x000001f42568d9ec: ;   {runtime_call nmethod}
  0x000001f42568d9ec: 0000 00e9 | fbff ffff 

  0x000001f42568d9f4: ;   {static_stub}
  0x000001f42568d9f4: 9048 bb00 | 0000 0000 

  0x000001f42568d9fc: ;   {runtime_call nmethod}
  0x000001f42568d9fc: 0000 00e9 | fbff ffff 

  0x000001f42568da04: ;   {static_stub}
  0x000001f42568da04: 9048 bb00 | 0000 0000 

  0x000001f42568da0c: ;   {runtime_call nmethod}
  0x000001f42568da0c: 0000 00e9 | fbff ffff 

  0x000001f42568da14: ;   {static_stub}
  0x000001f42568da14: 9048 bb00 | 0000 0000 

  0x000001f42568da1c: ;   {runtime_call nmethod}
  0x000001f42568da1c: 0000 00e9 | fbff ffff 

  0x000001f42568da24: ;   {static_stub}
  0x000001f42568da24: 9048 bb00 | 0000 0000 

  0x000001f42568da2c: ;   {runtime_call nmethod}
  0x000001f42568da2c: 0000 00e9 | fbff ffff 

  0x000001f42568da34: ;   {static_stub}
  0x000001f42568da34: 9048 bb00 | 0000 0000 

  0x000001f42568da3c: ;   {runtime_call nmethod}
  0x000001f42568da3c: 0000 00e9 | fbff ffff 

  0x000001f42568da44: ;   {static_stub}
  0x000001f42568da44: 9048 bb00 | 0000 0000 

  0x000001f42568da4c: ;   {runtime_call nmethod}
  0x000001f42568da4c: 0000 00e9 | fbff ffff 

  0x000001f42568da54: ;   {static_stub}
  0x000001f42568da54: 9048 bb00 | 0000 0000 

  0x000001f42568da5c: ;   {runtime_call nmethod}
  0x000001f42568da5c: 0000 00e9 | fbff ffff 

  0x000001f42568da64: ;   {static_stub}
  0x000001f42568da64: 9048 bb00 | 0000 0000 

  0x000001f42568da6c: ;   {runtime_call nmethod}
  0x000001f42568da6c: 0000 00e9 | fbff ffff 

  0x000001f42568da74: ;   {static_stub}
  0x000001f42568da74: 9048 bb00 | 0000 0000 

  0x000001f42568da7c: ;   {runtime_call nmethod}
  0x000001f42568da7c: 0000 00e9 | fbff ffff 

  0x000001f42568da84: ;   {static_stub}
  0x000001f42568da84: 9048 bb00 | 0000 0000 

  0x000001f42568da8c: ;   {runtime_call nmethod}
  0x000001f42568da8c: 0000 00e9 | fbff ffff 

  0x000001f42568da94: ;   {static_stub}
  0x000001f42568da94: 9048 bb00 | 0000 0000 

  0x000001f42568da9c: ;   {runtime_call nmethod}
  0x000001f42568da9c: 0000 00e9 | fbff ffff 

  0x000001f42568daa4: ;   {static_stub}
  0x000001f42568daa4: 9048 bb00 | 0000 0000 

  0x000001f42568daac: ;   {runtime_call nmethod}
  0x000001f42568daac: 0000 00e9 | fbff ffff 

  0x000001f42568dab4: ;   {static_stub}
  0x000001f42568dab4: 9048 bb00 | 0000 0000 

  0x000001f42568dabc: ;   {runtime_call nmethod}
  0x000001f42568dabc: 0000 00e9 | fbff ffff 

  0x000001f42568dac4: ;   {static_stub}
  0x000001f42568dac4: 9048 bb00 | 0000 0000 

  0x000001f42568dacc: ;   {runtime_call nmethod}
  0x000001f42568dacc: 0000 00e9 | fbff ffff 

  0x000001f42568dad4: ;   {static_stub}
  0x000001f42568dad4: 9048 bb00 | 0000 0000 

  0x000001f42568dadc: ;   {runtime_call nmethod}
  0x000001f42568dadc: 0000 00e9 | fbff ffff 

  0x000001f42568dae4: ;   {static_stub}
  0x000001f42568dae4: 9048 bb00 | 0000 0000 

  0x000001f42568daec: ;   {runtime_call nmethod}
  0x000001f42568daec: 0000 00e9 | fbff ffff 

  0x000001f42568daf4: ;   {static_stub}
  0x000001f42568daf4: 9048 bb00 | 0000 0000 

  0x000001f42568dafc: ;   {runtime_call nmethod}
  0x000001f42568dafc: 0000 00e9 | fbff ffff 

  0x000001f42568db04: ;   {static_stub}
  0x000001f42568db04: 9048 bb00 | 0000 0000 

  0x000001f42568db0c: ;   {runtime_call nmethod}
  0x000001f42568db0c: 0000 00e9 | fbff ffff 

  0x000001f42568db14: ;   {static_stub}
  0x000001f42568db14: 48bb 0000 | 0000 0000 

  0x000001f42568db1c: ;   {runtime_call nmethod}
  0x000001f42568db1c: 0000 e9fb 

  0x000001f42568db20: ;   {static_stub}
  0x000001f42568db20: ffff ff48 | bb00 0000 | 0000 0000 

  0x000001f42568db2c: ;   {runtime_call nmethod}
  0x000001f42568db2c: 00e9 fbff 

  0x000001f42568db30: ;   {static_stub}
  0x000001f42568db30: ffff 48bb | 0000 0000 | 0000 0000 

  0x000001f42568db3c: ;   {runtime_call nmethod}
  0x000001f42568db3c: e9fb ffff 

  0x000001f42568db40: ;   {static_stub}
  0x000001f42568db40: ff48 bb00 | 0000 0000 

  0x000001f42568db48: ;   {runtime_call nmethod}
  0x000001f42568db48: 0000 00e9 | fbff ffff 

  0x000001f42568db50: ;   {static_stub}
  0x000001f42568db50: 48bb 0000 | 0000 0000 

  0x000001f42568db58: ;   {runtime_call nmethod}
  0x000001f42568db58: 0000 e9fb 

  0x000001f42568db5c: ;   {static_stub}
  0x000001f42568db5c: ffff ff48 | bb90 8d58 | 00f4 0100 

  0x000001f42568db68: ;   {runtime_call I2C/C2I adapters}
  0x000001f42568db68: 00e9 fdb9 

  0x000001f42568db6c: ;   {static_stub}
  0x000001f42568db6c: 2207 48bb | 0000 0000 | 0000 0000 

  0x000001f42568db78: ;   {runtime_call nmethod}
  0x000001f42568db78: e9fb ffff 

  0x000001f42568db7c: ;   {static_stub}
  0x000001f42568db7c: ff48 bb00 | 0000 0000 

  0x000001f42568db84: ;   {runtime_call nmethod}
  0x000001f42568db84: 0000 00e9 | fbff ffff 

  0x000001f42568db8c: ;   {static_stub}
  0x000001f42568db8c: 48bb 30b9 | 5800 f401 

  0x000001f42568db94: ;   {runtime_call I2C/C2I adapters}
  0x000001f42568db94: 0000 e9cc 

  0x000001f42568db98: ;   {static_stub}
  0x000001f42568db98: 5b23 0748 | bb00 0000 | 0000 0000 

  0x000001f42568dba4: ;   {runtime_call nmethod}
  0x000001f42568dba4: 00e9 fbff 

  0x000001f42568dba8: ;   {static_stub}
  0x000001f42568dba8: ffff 48bb | 0000 0000 | 0000 0000 

  0x000001f42568dbb4: ;   {runtime_call nmethod}
  0x000001f42568dbb4: e9fb ffff 

  0x000001f42568dbb8: ;   {static_stub}
  0x000001f42568dbb8: ff48 bb00 | 0000 0000 

  0x000001f42568dbc0: ;   {runtime_call nmethod}
  0x000001f42568dbc0: 0000 00e9 | fbff ffff 

  0x000001f42568dbc8: ;   {static_stub}
  0x000001f42568dbc8: 48bb 0000 | 0000 0000 

  0x000001f42568dbd0: ;   {runtime_call nmethod}
  0x000001f42568dbd0: 0000 e9fb 

  0x000001f42568dbd4: ;   {static_stub}
  0x000001f42568dbd4: ffff ff48 | bb00 be58 | 00f4 0100 

  0x000001f42568dbe0: ;   {runtime_call I2C/C2I adapters}
  0x000001f42568dbe0: 00e9 85d4 

  0x000001f42568dbe4: ;   {runtime_call handle_exception_from_callee Runtime1 stub}
  0x000001f42568dbe4: 2207 e815 

  0x000001f42568dbe8: ;   {external_word}
  0x000001f42568dbe8: 2625 0748 | b990 e263 | 78fa 7f00 | 0048 83e4 

  0x000001f42568dbf8: ;   {runtime_call}
  0x000001f42568dbf8: f048 b810 | 7926 78fa | 7f00 00ff 

  0x000001f42568dc04: ;   {section_word}
  0x000001f42568dc04: d0f4 49ba | 06dc 6825 | f401 0000 

  0x000001f42568dc10: ;   {runtime_call DeoptimizationBlob}
  0x000001f42568dc10: 4152 e989 | 6123 07f4 
[/MachCode]


---------------  P R O C E S S  ---------------

Threads class SMR info:
_java_thread_list=0x000001f40430f9e0, length=16, elements={
0x000001f42214bd00, 0x000001f4040144b0, 0x000001f4220fcde0, 0x000001f404015f10,
0x000001f404016670, 0x000001f4040190d0, 0x000001f404019b20, 0x000001f40401ab00,
0x000001f404099480, 0x000001f4221b74e0, 0x000001f404410080, 0x000001f40442c2e0,
0x000001f4049e6d70, 0x000001f404556b40, 0x000001f404835390, 0x000001f404517e80
}

Java Threads: ( => current thread )
  0x000001f42214bd00 JavaThread "main"                              [_thread_blocked, id=27528, stack(0x0000008384800000,0x0000008384900000) (1024K)]
  0x000001f4040144b0 JavaThread "Reference Handler"          daemon [_thread_blocked, id=3672, stack(0x0000008384d00000,0x0000008384e00000) (1024K)]
  0x000001f4220fcde0 JavaThread "Finalizer"                  daemon [_thread_blocked, id=15460, stack(0x0000008384e00000,0x0000008384f00000) (1024K)]
  0x000001f404015f10 JavaThread "Signal Dispatcher"          daemon [_thread_blocked, id=3848, stack(0x0000008384f00000,0x0000008385000000) (1024K)]
  0x000001f404016670 JavaThread "Attach Listener"            daemon [_thread_blocked, id=25916, stack(0x0000008385000000,0x0000008385100000) (1024K)]
  0x000001f4040190d0 JavaThread "Service Thread"             daemon [_thread_blocked, id=15796, stack(0x0000008385100000,0x0000008385200000) (1024K)]
  0x000001f404019b20 JavaThread "Monitor Deflation Thread"   daemon [_thread_blocked, id=25564, stack(0x0000008385200000,0x0000008385300000) (1024K)]
  0x000001f40401ab00 JavaThread "C2 CompilerThread0"         daemon [_thread_blocked, id=10440, stack(0x0000008385300000,0x0000008385400000) (1024K)]
  0x000001f404099480 JavaThread "C1 CompilerThread0"         daemon [_thread_blocked, id=23572, stack(0x0000008385400000,0x0000008385500000) (1024K)]
  0x000001f4221b74e0 JavaThread "Common-Cleaner"             daemon [_thread_blocked, id=22960, stack(0x0000008385500000,0x0000008385600000) (1024K)]
  0x000001f404410080 JavaThread "Notification Thread"        daemon [_thread_blocked, id=9740, stack(0x0000008385600000,0x0000008385700000) (1024K)]
  0x000001f40442c2e0 JavaThread "Active Thread: Equinox Container: f14a377b-2728-45c1-8c6a-6da2e485d5b2"        [_thread_blocked, id=23840, stack(0x0000008385d00000,0x0000008385e00000) (1024K)]
  0x000001f4049e6d70 JavaThread "Framework Event Dispatcher: Equinox Container: f14a377b-2728-45c1-8c6a-6da2e485d5b2" daemon [_thread_blocked, id=26216, stack(0x0000008385e00000,0x0000008385f00000) (1024K)]
=>0x000001f404556b40 JavaThread "Start Level: Equinox Container: f14a377b-2728-45c1-8c6a-6da2e485d5b2" daemon [_thread_in_vm, id=26084, stack(0x0000008385f00000,0x0000008386000000) (1024K)]
  0x000001f404835390 JavaThread "SCR Component Actor"        daemon [_thread_blocked, id=23844, stack(0x0000008386100000,0x0000008386200000) (1024K)]
  0x000001f404517e80 JavaThread "SCR Component Registry"     daemon [_thread_blocked, id=14932, stack(0x0000008386200000,0x0000008386300000) (1024K)]
Total: 16

Other Threads:
  0x000001f4220e54b0 VMThread "VM Thread"                           [id=9604, stack(0x0000008384c00000,0x0000008384d00000) (1024K)]
  0x000001f421fdca00 WatcherThread "VM Periodic Task Thread"        [id=22332, stack(0x0000008384b00000,0x0000008384c00000) (1024K)]
  0x000001f42216a760 WorkerThread "GC Thread#0"                     [id=24984, stack(0x0000008384a00000,0x0000008384b00000) (1024K)]
  0x000001f4043e7970 WorkerThread "GC Thread#1"                     [id=6820, stack(0x0000008385700000,0x0000008385800000) (1024K)]
  0x000001f4046c8df0 WorkerThread "GC Thread#2"                     [id=27588, stack(0x0000008385800000,0x0000008385900000) (1024K)]
  0x000001f4046c9190 WorkerThread "GC Thread#3"                     [id=3204, stack(0x0000008385900000,0x0000008385a00000) (1024K)]
  0x000001f4046c9530 WorkerThread "GC Thread#4"                     [id=26096, stack(0x0000008385a00000,0x0000008385b00000) (1024K)]
  0x000001f4046c98d0 WorkerThread "GC Thread#5"                     [id=27128, stack(0x0000008385b00000,0x0000008385c00000) (1024K)]
  0x000001f4046d0310 WorkerThread "GC Thread#6"                     [id=12732, stack(0x0000008385c00000,0x0000008385d00000) (1024K)]
  0x000001f404a06ba0 WorkerThread "GC Thread#7"                     [id=27156, stack(0x0000008386000000,0x0000008386100000) (1024K)]
Total: 10

Threads with active compile tasks:
Total: 0

VM state: not at safepoint (normal execution)

VM Mutex/Monitor currently owned by a thread:  ([mutex/lock_event])
[0x00007ffa788f3458] Metaspace_lock - owner thread: 0x000001f404556b40

Heap address: 0x0000000080000000, size: 2048 MB, Compressed Oops mode: 32-bit

CDS archive(s) mapped at: [0x000001f439000000-0x000001f439ba0000-0x000001f439ba0000), size 12189696, SharedBaseAddress: 0x000001f439000000, ArchiveRelocationMode: 1.
Compressed class space mapped at: 0x000001f43a000000-0x000001f47a000000, reserved size: 1073741824
Narrow klass base: 0x000001f439000000, Narrow klass shift: 0, Narrow klass range: 0x100000000

GC Precious Log:
 CardTable entry size: 512
 CPUs: 12 total, 12 available
 Memory: 5989M
 Large Page Support: Disabled
 NUMA Support: Disabled
 Compressed Oops: Enabled (32-bit)
 Alignments: Space 512K, Generation 512K, Heap 2M
 Heap Min Capacity: 100M
 Heap Initial Capacity: 100M
 Heap Max Capacity: 2G
 Pre-touch: Disabled
 Parallel Workers: 10

Heap:
 PSYoungGen      total 29696K, used 17477K [0x00000000d5580000, 0x00000000d7680000, 0x0000000100000000)
  eden space 25600K, 52% used [0x00000000d5580000,0x00000000d6293390,0x00000000d6e80000)
  from space 4096K, 99% used [0x00000000d7280000,0x00000000d767e380,0x00000000d7680000)
  to   space 4096K, 0% used [0x00000000d6e80000,0x00000000d6e80000,0x00000000d7280000)
 ParOldGen       total 68608K, used 956K [0x0000000080000000, 0x0000000084300000, 0x00000000d5580000)
  object space 68608K, 1% used [0x0000000080000000,0x00000000800ef190,0x0000000084300000)
 Metaspace       used 10921K, committed 11264K, reserved 1114112K
  class space    used 1169K, committed 1344K, reserved 1048576K

Card table byte_map: [0x000001f421af0000,0x000001f421f00000] _byte_map_base: 0x000001f4216f0000

Marking Bits: (ParMarkBitMap*) 0x00007ffa788fa340
 Begin Bits: [0x000001f4345f0000, 0x000001f4365f0000)
 End Bits:   [0x000001f4365f0000, 0x000001f4385f0000)

Polling page: 0x000001f41ff60000

Metaspace:

Usage:
  Non-class:      9.52 MB used.
      Class:      1.14 MB used.
       Both:     10.67 MB used.

Virtual space:
  Non-class space:       64.00 MB reserved,       9.69 MB ( 15%) committed,  1 nodes.
      Class space:        1.00 GB reserved,       1.31 MB ( <1%) committed,  1 nodes.
             Both:        1.06 GB reserved,      11.00 MB (  1%) committed. 

Chunk freelists:
   Non-Class:  5.86 MB
       Class:  14.67 MB
        Both:  20.53 MB

MaxMetaspaceSize: unlimited
CompressedClassSpaceSize: 1.00 GB
Initial GC threshold: 21.00 MB
Current GC threshold: 21.00 MB
CDS: on
 - commit_granule_bytes: 65536.
 - commit_granule_words: 8192.
 - virtual_space_node_default_size: 8388608.
 - enlarge_chunks_in_place: 1.
 - use_allocation_guard: 0.


Internal statistics:

num_allocs_failed_limit: 0.
num_arena_births: 250.
num_arena_deaths: 0.
num_vsnodes_births: 2.
num_vsnodes_deaths: 0.
num_space_committed: 176.
num_space_uncommitted: 0.
num_chunks_returned_to_freelist: 0.
num_chunks_taken_from_freelist: 554.
num_chunk_merges: 0.
num_chunk_splits: 364.
num_chunks_enlarged: 252.
num_inconsistent_stats: 0.

CodeHeap 'non-profiled nmethods': size=120000Kb used=821Kb max_used=821Kb free=119178Kb
 bounds [0x000001f42ce10000, 0x000001f42d080000, 0x000001f434340000]
CodeHeap 'profiled nmethods': size=120000Kb used=3646Kb max_used=3646Kb free=116353Kb
 bounds [0x000001f425340000, 0x000001f4256d0000, 0x000001f42c870000]
CodeHeap 'non-nmethods': size=5760Kb used=1223Kb max_used=1242Kb free=4536Kb
 bounds [0x000001f42c870000, 0x000001f42cae0000, 0x000001f42ce10000]
CodeCache: size=245760Kb, used=5690Kb, max_used=5709Kb, free=240067Kb
 total_blobs=2451, nmethods=1958, adapters=400, full_count=0
Compilation: enabled, stopped_count=0, restarted_count=0

Compilation events (20 events):
Event: 46.231 Thread 0x000001f404099480 1952   !   3       org.eclipse.osgi.internal.loader.BundleLoader::findLocalClass (166 bytes)
Event: 46.238 Thread 0x000001f404099480 nmethod 1952 0x000001f4256c3810 code [0x000001f4256c3cc0, 0x000001f4256c5d10]
Event: 46.238 Thread 0x000001f404099480 1954   !   3       org.eclipse.osgi.internal.hooks.EclipseLazyStarter::postFindLocalClass (394 bytes)
Event: 46.245 Thread 0x000001f404099480 nmethod 1954 0x000001f4256c6a90 code [0x000001f4256c6fc0, 0x000001f4256c9d78]
Event: 46.245 Thread 0x000001f404099480 1953       3       org.eclipse.osgi.internal.loader.ModuleClassLoader::findLocalClass (9 bytes)
Event: 46.246 Thread 0x000001f404099480 nmethod 1953 0x000001f4256caf90 code [0x000001f4256cb140, 0x000001f4256cb2a0]
Event: 46.247 Thread 0x000001f404099480 1955       3       java.util.Collections$UnmodifiableCollection::isEmpty (10 bytes)
Event: 46.248 Thread 0x000001f404099480 nmethod 1955 0x000001f4256cb390 code [0x000001f4256cb540, 0x000001f4256cb718]
Event: 46.281 Thread 0x000001f404099480 1956   !   3       org.eclipse.osgi.storage.bundlefile.CloseableBundleFile::getEntry (28 bytes)
Event: 46.282 Thread 0x000001f404099480 nmethod 1956 0x000001f4256cb810 code [0x000001f4256cba60, 0x000001f4256cc410]
Event: 46.284 Thread 0x000001f404099480 1957       3       org.eclipse.osgi.storage.bundlefile.ZipBundleFile::getZipEntry (87 bytes)
Event: 46.288 Thread 0x000001f404099480 nmethod 1957 0x000001f4256cc790 code [0x000001f4256ccae0, 0x000001f4256cdee8]
Event: 46.308 Thread 0x000001f404099480 1958       3       org.eclipse.osgi.internal.loader.ModuleClassLoader$ClassNameLock$1::apply (9 bytes)
Event: 46.309 Thread 0x000001f404099480 nmethod 1958 0x000001f4256ce710 code [0x000001f4256ce8e0, 0x000001f4256cec80]
Event: 46.309 Thread 0x000001f404099480 1959       3       org.eclipse.osgi.internal.loader.ModuleClassLoader$ClassNameLock$1::apply (9 bytes)
Event: 46.309 Thread 0x000001f404099480 nmethod 1959 0x000001f4256cee10 code [0x000001f4256cefc0, 0x000001f4256cf200]
Event: 46.310 Thread 0x000001f404099480 1960       3       org.eclipse.osgi.internal.loader.ModuleClassLoader$ClassNameLock::<init> (10 bytes)
Event: 46.310 Thread 0x000001f404099480 nmethod 1960 0x000001f4256cf310 code [0x000001f4256cf4c0, 0x000001f4256cf648]
Event: 47.861 Thread 0x000001f404099480 1961       3       java.util.concurrent.TimeUnit::toNanos (45 bytes)
Event: 47.861 Thread 0x000001f404099480 nmethod 1961 0x000001f4256cf710 code [0x000001f4256cf8c0, 0x000001f4256cfb10]

GC Heap History (4 events):
Event: 8.439 GC heap before
{Heap before GC invocations=1 (full 0):
 PSYoungGen      total 29696K, used 25600K [0x00000000d5580000, 0x00000000d7680000, 0x0000000100000000)
  eden space 25600K, 100% used [0x00000000d5580000,0x00000000d6e80000,0x00000000d6e80000)
  from space 4096K, 0% used [0x00000000d7280000,0x00000000d7280000,0x00000000d7680000)
  to   space 4096K, 0% used [0x00000000d6e80000,0x00000000d6e80000,0x00000000d7280000)
 ParOldGen       total 68608K, used 0K [0x0000000080000000, 0x0000000084300000, 0x00000000d5580000)
  object space 68608K, 0% used [0x0000000080000000,0x0000000080000000,0x0000000084300000)
 Metaspace       used 4334K, committed 4608K, reserved 1114112K
  class space    used 473K, committed 576K, reserved 1048576K
}
Event: 8.459 GC heap after
{Heap after GC invocations=1 (full 0):
 PSYoungGen      total 29696K, used 3334K [0x00000000d5580000, 0x00000000d7680000, 0x0000000100000000)
  eden space 25600K, 0% used [0x00000000d5580000,0x00000000d5580000,0x00000000d6e80000)
  from space 4096K, 81% used [0x00000000d6e80000,0x00000000d71c1bb8,0x00000000d7280000)
  to   space 4096K, 0% used [0x00000000d7280000,0x00000000d7280000,0x00000000d7680000)
 ParOldGen       total 68608K, used 16K [0x0000000080000000, 0x0000000084300000, 0x00000000d5580000)
  object space 68608K, 0% used [0x0000000080000000,0x0000000080004000,0x0000000084300000)
 Metaspace       used 4334K, committed 4608K, reserved 1114112K
  class space    used 473K, committed 576K, reserved 1048576K
}
Event: 43.350 GC heap before
{Heap before GC invocations=2 (full 0):
 PSYoungGen      total 29696K, used 28934K [0x00000000d5580000, 0x00000000d7680000, 0x0000000100000000)
  eden space 25600K, 100% used [0x00000000d5580000,0x00000000d6e80000,0x00000000d6e80000)
  from space 4096K, 81% used [0x00000000d6e80000,0x00000000d71c1bb8,0x00000000d7280000)
  to   space 4096K, 0% used [0x00000000d7280000,0x00000000d7280000,0x00000000d7680000)
 ParOldGen       total 68608K, used 16K [0x0000000080000000, 0x0000000084300000, 0x00000000d5580000)
  object space 68608K, 0% used [0x0000000080000000,0x0000000080004000,0x0000000084300000)
 Metaspace       used 8211K, committed 8512K, reserved 1114112K
  class space    used 871K, committed 1024K, reserved 1048576K
}
Event: 43.369 GC heap after
{Heap after GC invocations=2 (full 0):
 PSYoungGen      total 29696K, used 4088K [0x00000000d5580000, 0x00000000d7680000, 0x0000000100000000)
  eden space 25600K, 0% used [0x00000000d5580000,0x00000000d5580000,0x00000000d6e80000)
  from space 4096K, 99% used [0x00000000d7280000,0x00000000d767e380,0x00000000d7680000)
  to   space 4096K, 0% used [0x00000000d6e80000,0x00000000d6e80000,0x00000000d7280000)
 ParOldGen       total 68608K, used 956K [0x0000000080000000, 0x0000000084300000, 0x00000000d5580000)
  object space 68608K, 1% used [0x0000000080000000,0x00000000800ef190,0x0000000084300000)
 Metaspace       used 8211K, committed 8512K, reserved 1114112K
  class space    used 871K, committed 1024K, reserved 1048576K
}

Dll operation events (9 events):
Event: 0.158 Loaded shared library c:\Users\LENOVO\.cursor\extensions\redhat.java-1.44.0-win32-x64\jre\21.0.8-win32-x86_64\bin\java.dll
Event: 0.657 Loaded shared library c:\Users\LENOVO\.cursor\extensions\redhat.java-1.44.0-win32-x64\jre\21.0.8-win32-x86_64\bin\zip.dll
Event: 0.822 Loaded shared library C:\Users\LENOVO\.cursor\extensions\redhat.java-1.44.0-win32-x64\jre\21.0.8-win32-x86_64\bin\instrument.dll
Event: 0.851 Loaded shared library C:\Users\LENOVO\.cursor\extensions\redhat.java-1.44.0-win32-x64\jre\21.0.8-win32-x86_64\bin\net.dll
Event: 0.865 Loaded shared library C:\Users\LENOVO\.cursor\extensions\redhat.java-1.44.0-win32-x64\jre\21.0.8-win32-x86_64\bin\nio.dll
Event: 0.883 Loaded shared library C:\Users\LENOVO\.cursor\extensions\redhat.java-1.44.0-win32-x64\jre\21.0.8-win32-x86_64\bin\zip.dll
Event: 1.106 Loaded shared library C:\Users\LENOVO\.cursor\extensions\redhat.java-1.44.0-win32-x64\jre\21.0.8-win32-x86_64\bin\jimage.dll
Event: 1.662 Loaded shared library c:\Users\LENOVO\.cursor\extensions\redhat.java-1.44.0-win32-x64\jre\21.0.8-win32-x86_64\bin\verify.dll
Event: 43.844 Loaded shared library C:\Users\LENOVO\AppData\Roaming\Cursor\User\globalStorage\redhat.java\1.44.0\config_ss_win\org.eclipse.equinox.launcher\org.eclipse.equinox.launcher.win32.win32.x86_64_1.2.1400.v20250730-1736\eclipse_11913.dll

Deoptimization events (20 events):
Event: 44.651 Thread 0x000001f404556b40 Uncommon trap: trap_request=0xffffffde fr.pc=0x000001f42ced3600 relative=0x0000000000000560
Event: 44.651 Thread 0x000001f404556b40 Uncommon trap: reason=class_check action=maybe_recompile pc=0x000001f42ced3600 method=java.util.Collections$UnmodifiableCollection$1.<init>(Ljava/util/Collections$UnmodifiableCollection;)V @ 17 c2
Event: 44.651 Thread 0x000001f404556b40 DEOPT PACKING pc=0x000001f42ced3600 sp=0x0000008385ff5130
Event: 44.651 Thread 0x000001f404556b40 DEOPT UNPACKING pc=0x000001f42c8c3aa2 sp=0x0000008385ff5070 mode 2
Event: 44.651 Thread 0x000001f404556b40 Uncommon trap: trap_request=0xffffffde fr.pc=0x000001f42ced3600 relative=0x0000000000000560
Event: 44.651 Thread 0x000001f404556b40 Uncommon trap: reason=class_check action=maybe_recompile pc=0x000001f42ced3600 method=java.util.Collections$UnmodifiableCollection$1.<init>(Ljava/util/Collections$UnmodifiableCollection;)V @ 17 c2
Event: 44.651 Thread 0x000001f404556b40 DEOPT PACKING pc=0x000001f42ced3600 sp=0x0000008385ff5000
Event: 44.651 Thread 0x000001f404556b40 DEOPT UNPACKING pc=0x000001f42c8c3aa2 sp=0x0000008385ff4f48 mode 2
Event: 44.652 Thread 0x000001f404556b40 Uncommon trap: trap_request=0xffffffde fr.pc=0x000001f42ced3600 relative=0x0000000000000560
Event: 44.652 Thread 0x000001f404556b40 Uncommon trap: reason=class_check action=maybe_recompile pc=0x000001f42ced3600 method=java.util.Collections$UnmodifiableCollection$1.<init>(Ljava/util/Collections$UnmodifiableCollection;)V @ 17 c2
Event: 44.652 Thread 0x000001f404556b40 DEOPT PACKING pc=0x000001f42ced3600 sp=0x0000008385ff4f70
Event: 44.652 Thread 0x000001f404556b40 DEOPT UNPACKING pc=0x000001f42c8c3aa2 sp=0x0000008385ff4eb8 mode 2
Event: 44.654 Thread 0x000001f404556b40 Uncommon trap: trap_request=0xffffffde fr.pc=0x000001f42ced3600 relative=0x0000000000000560
Event: 44.654 Thread 0x000001f404556b40 Uncommon trap: reason=class_check action=maybe_recompile pc=0x000001f42ced3600 method=java.util.Collections$UnmodifiableCollection$1.<init>(Ljava/util/Collections$UnmodifiableCollection;)V @ 17 c2
Event: 44.654 Thread 0x000001f404556b40 DEOPT PACKING pc=0x000001f42ced3600 sp=0x0000008385ff4d60
Event: 44.654 Thread 0x000001f404556b40 DEOPT UNPACKING pc=0x000001f42c8c3aa2 sp=0x0000008385ff4ca8 mode 2
Event: 44.726 Thread 0x000001f404556b40 Uncommon trap: trap_request=0xffffff45 fr.pc=0x000001f42ce962b4 relative=0x0000000000000094
Event: 44.726 Thread 0x000001f404556b40 Uncommon trap: reason=unstable_if action=reinterpret pc=0x000001f42ce962b4 method=java.io.BufferedInputStream.getBufIfOpen(Z)[B @ 13 c2
Event: 44.726 Thread 0x000001f404556b40 DEOPT PACKING pc=0x000001f42ce962b4 sp=0x0000008385ff8ca0
Event: 44.726 Thread 0x000001f404556b40 DEOPT UNPACKING pc=0x000001f42c8c3aa2 sp=0x0000008385ff8c20 mode 2

Classes loaded (20 events):
Event: 44.233 Loading class java/util/concurrent/RejectedExecutionException
Event: 44.234 Loading class java/util/concurrent/RejectedExecutionException done
Event: 44.243 Loading class java/util/Timer
Event: 44.244 Loading class java/util/Timer done
Event: 44.244 Loading class java/util/TaskQueue
Event: 44.244 Loading class java/util/TaskQueue done
Event: 44.244 Loading class java/util/TimerThread
Event: 44.244 Loading class java/util/TimerThread done
Event: 44.245 Loading class java/util/Timer$ThreadReaper
Event: 44.245 Loading class java/util/Timer$ThreadReaper done
Event: 44.322 Loading class java/util/concurrent/locks/ReentrantLock$FairSync
Event: 44.323 Loading class java/util/concurrent/locks/ReentrantLock$FairSync done
Event: 44.330 Loading class java/util/Collections$ReverseComparator
Event: 44.330 Loading class java/util/Collections$ReverseComparator done
Event: 44.665 Loading class java/lang/CloneNotSupportedException
Event: 44.665 Loading class java/lang/CloneNotSupportedException done
Event: 46.297 Loading class java/nio/file/NoSuchFileException
Event: 46.299 Loading class java/nio/file/FileSystemException
Event: 46.300 Loading class java/nio/file/FileSystemException done
Event: 46.300 Loading class java/nio/file/NoSuchFileException done

Classes unloaded (0 events):
No events

Classes redefined (0 events):
No events

Internal exceptions (20 events):
Event: 8.473 Thread 0x000001f42214bd00 Exception <a 'java/lang/ClassNotFoundException'{0x00000000d558ad58}: sun/net/www/protocol/c/Handler> (0x00000000d558ad58) 
thrown [s\src\hotspot\share\classfile\systemDictionary.cpp, line 312]
Event: 8.479 Thread 0x000001f42214bd00 Exception <a 'java/lang/ClassNotFoundException'{0x00000000d558c098}: sun/net/www/protocol/f/Handler> (0x00000000d558c098) 
thrown [s\src\hotspot\share\classfile\systemDictionary.cpp, line 312]
Event: 8.480 Thread 0x000001f42214bd00 Exception <a 'java/lang/ClassNotFoundException'{0x00000000d558d1f0}: sun/net/www/protocol/c/Handler> (0x00000000d558d1f0) 
thrown [s\src\hotspot\share\classfile\systemDictionary.cpp, line 312]
Event: 8.551 Thread 0x000001f42214bd00 Exception <a 'java/io/FileNotFoundException'{0x00000000d55b1df0}> (0x00000000d55b1df0) 
thrown [s\src\hotspot\share\prims\jni.cpp, line 520]
Event: 8.862 Thread 0x000001f42214bd00 Implicit null exception at 0x000001f42ce6b9c9 to 0x000001f42ce6c338
Event: 8.863 Thread 0x000001f42214bd00 Implicit null exception at 0x000001f42ce77f9a to 0x000001f42ce781a4
Event: 8.865 Thread 0x000001f42214bd00 Exception <a 'java/lang/NoSuchMethodError'{0x00000000d579d7b0}: 'void java.lang.invoke.DirectMethodHandle$Holder.invokeStatic(java.lang.Object, java.lang.Object, java.lang.Object, java.lang.Object)'> (0x00000000d579d7b0) 
thrown [s\src\hotspot\share\interpreter\linkResolver.cpp, line 773]
Event: 8.883 Thread 0x000001f42214bd00 Implicit null exception at 0x000001f42ce78a1a to 0x000001f42ce78c24
Event: 8.884 Thread 0x000001f42214bd00 Implicit null exception at 0x000001f42ce6e63d to 0x000001f42ce6e6c1
Event: 10.031 Thread 0x000001f42214bd00 Exception <a 'java/lang/NoSuchMethodError'{0x00000000d5a129c8}: 'void java.lang.invoke.DirectMethodHandle$Holder.invokeSpecial(java.lang.Object, java.lang.Object, java.lang.Object)'> (0x00000000d5a129c8) 
thrown [s\src\hotspot\share\interpreter\linkResolver.cpp, line 773]
Event: 13.661 Thread 0x000001f42214bd00 Exception <a 'java/lang/NoSuchMethodError'{0x00000000d62abb58}: 'int java.lang.invoke.DirectMethodHandle$Holder.invokeVirtual(java.lang.Object, java.lang.Object)'> (0x00000000d62abb58) 
thrown [s\src\hotspot\share\interpreter\linkResolver.cpp, line 773]
Event: 14.071 Thread 0x000001f42214bd00 Exception <a 'java/lang/NoSuchMethodError'{0x00000000d641f0d0}: 'int java.lang.invoke.DirectMethodHandle$Holder.invokeStaticInit(java.lang.Object, java.lang.Object, java.lang.Object, java.lang.Object)'> (0x00000000d641f0d0) 
thrown [s\src\hotspot\share\interpreter\linkResolver.cpp, line 773]
Event: 14.080 Thread 0x000001f42214bd00 Exception <a 'java/lang/IncompatibleClassChangeError'{0x00000000d6427558}: Found class java.lang.Object, but interface was expected> (0x00000000d6427558) 
thrown [s\src\hotspot\share\interpreter\linkResolver.cpp, line 840]
Event: 14.084 Thread 0x000001f42214bd00 Exception <a 'java/lang/NoSuchMethodError'{0x00000000d642db88}: 'void java.lang.invoke.DirectMethodHandle$Holder.invokeStaticInit(java.lang.Object, java.lang.Object)'> (0x00000000d642db88) 
thrown [s\src\hotspot\share\interpreter\linkResolver.cpp, line 773]
Event: 14.094 Thread 0x000001f42214bd00 Exception <a 'java/lang/NoSuchMethodError'{0x00000000d6436dc0}: 'int java.lang.invoke.DirectMethodHandle$Holder.invokeStaticInit(java.lang.Object, java.lang.Object)'> (0x00000000d6436dc0) 
thrown [s\src\hotspot\share\interpreter\linkResolver.cpp, line 773]
Event: 14.511 Thread 0x000001f42214bd00 Exception <a 'java/lang/NoSuchMethodError'{0x00000000d6681e78}: 'java.lang.Object java.lang.invoke.DirectMethodHandle$Holder.newInvokeSpecial(java.lang.Object, int, java.lang.Object)'> (0x00000000d6681e78) 
thrown [s\src\hotspot\share\interpreter\linkResolver.cpp, line 773]
Event: 14.842 Thread 0x000001f42214bd00 Exception <a 'java/lang/ClassNotFoundException'{0x00000000d6893bb8}: sun/net/www/protocol/plurl/Handler> (0x00000000d6893bb8) 
thrown [s\src\hotspot\share\classfile\systemDictionary.cpp, line 312]
Event: 43.084 Thread 0x000001f42214bd00 Exception <a 'java/lang/UnsatisfiedLinkError'{0x00000000d6cd27c8}: 'void org.eclipse.equinox.launcher.JNIBridge._update_splash()'> (0x00000000d6cd27c8) 
thrown [s\src\hotspot\share\prims\nativeLookup.cpp, line 415]
Event: 43.587 Thread 0x000001f404556b40 Exception <a 'java/lang/NullPointerException'{0x00000000d5789ec0}> (0x00000000d5789ec0) 
thrown [s\src\hotspot\share\interpreter\linkResolver.cpp, line 1372]
Event: 43.588 Thread 0x000001f404556b40 Exception <a 'java/lang/NullPointerException'{0x00000000d578a1a0}> (0x00000000d578a1a0) 
thrown [s\src\hotspot\share\interpreter\linkResolver.cpp, line 1372]

ZGC Phase Switch (0 events):
No events

VM Operations (20 events):
Event: 14.322 Executing VM operation: HandshakeAllThreads (Deoptimize)
Event: 14.322 Executing VM operation: HandshakeAllThreads (Deoptimize) done
Event: 14.409 Executing VM operation: HandshakeAllThreads (Deoptimize)
Event: 14.410 Executing VM operation: HandshakeAllThreads (Deoptimize) done
Event: 14.730 Executing VM operation: HandshakeAllThreads (Deoptimize)
Event: 14.730 Executing VM operation: HandshakeAllThreads (Deoptimize) done
Event: 14.730 Executing VM operation: Cleanup
Event: 14.730 Executing VM operation: Cleanup done
Event: 14.822 Executing VM operation: HandshakeAllThreads (Deoptimize)
Event: 14.822 Executing VM operation: HandshakeAllThreads (Deoptimize) done
Event: 15.829 Executing VM operation: Cleanup
Event: 15.829 Executing VM operation: Cleanup done
Event: 43.350 Executing VM operation: ParallelGCFailedAllocation (Allocation Failure)
Event: 43.369 Executing VM operation: ParallelGCFailedAllocation (Allocation Failure) done
Event: 44.324 Executing VM operation: HandshakeAllThreads (Deoptimize)
Event: 44.324 Executing VM operation: HandshakeAllThreads (Deoptimize) done
Event: 45.327 Executing VM operation: Cleanup
Event: 45.328 Executing VM operation: Cleanup done
Event: 46.328 Executing VM operation: Cleanup
Event: 46.329 Executing VM operation: Cleanup done

Memory protections (0 events):
No events

Nmethod flushes (0 events):
No events

Events (20 events):
Event: 0.293 Thread 0x000001f42214bd00 Thread added: 0x000001f42214bd00
Event: 0.438 Thread 0x000001f42214bd00 Thread added: 0x000001f4040144b0
Event: 0.439 Thread 0x000001f42214bd00 Thread added: 0x000001f4220fcde0
Event: 0.440 Thread 0x000001f42214bd00 Thread added: 0x000001f404015f10
Event: 0.440 Thread 0x000001f42214bd00 Thread added: 0x000001f404016670
Event: 0.441 Thread 0x000001f42214bd00 Thread added: 0x000001f4040190d0
Event: 0.441 Thread 0x000001f42214bd00 Thread added: 0x000001f404019b20
Event: 0.443 Thread 0x000001f42214bd00 Thread added: 0x000001f40401ab00
Event: 0.473 Thread 0x000001f42214bd00 Thread added: 0x000001f404099480
Event: 0.594 Thread 0x000001f42214bd00 Thread added: 0x000001f4221b74e0
Event: 2.283 Thread 0x000001f42214bd00 Thread added: 0x000001f404410080
Event: 14.196 Thread 0x000001f42214bd00 Thread added: 0x000001f40442c2e0
Event: 43.030 Thread 0x000001f42214bd00 Thread added: 0x000001f4049e6d70
Event: 43.076 Thread 0x000001f42214bd00 Thread added: 0x000001f404556b40
Event: 43.400 Thread 0x000001f404556b40 Thread added: 0x000001f404835390
Event: 44.245 Thread 0x000001f404556b40 Thread added: 0x000001f404517e80
Event: 45.990 Thread 0x000001f404099480 Thread added: 0x000001f40464ed20
Event: 45.990 Thread 0x000001f404099480 Thread added: 0x000001f4042e4430
Event: 46.152 Thread 0x000001f4042e4430 Thread exited: 0x000001f4042e4430
Event: 46.214 Thread 0x000001f40464ed20 Thread exited: 0x000001f40464ed20


Dynamic libraries:
0x00007ff64b540000 - 0x00007ff64b54e000 	c:\Users\LENOVO\.cursor\extensions\redhat.java-1.44.0-win32-x64\jre\21.0.8-win32-x86_64\bin\java.exe
0x00007ffb6b2c0000 - 0x00007ffb6b527000 	C:\WINDOWS\SYSTEM32\ntdll.dll
0x00007ffb69c90000 - 0x00007ffb69d59000 	C:\WINDOWS\System32\KERNEL32.DLL
0x00007ffb68a50000 - 0x00007ffb68e40000 	C:\WINDOWS\System32\KERNELBASE.dll
0x00007ffb68900000 - 0x00007ffb68a4b000 	C:\WINDOWS\System32\ucrtbase.dll
0x00007ffb4a180000 - 0x00007ffb4a198000 	c:\Users\LENOVO\.cursor\extensions\redhat.java-1.44.0-win32-x64\jre\21.0.8-win32-x86_64\bin\jli.dll
0x00007ffb6b0a0000 - 0x00007ffb6b265000 	C:\WINDOWS\System32\USER32.dll
0x00007ffb4a160000 - 0x00007ffb4a17e000 	c:\Users\LENOVO\.cursor\extensions\redhat.java-1.44.0-win32-x64\jre\21.0.8-win32-x86_64\bin\VCRUNTIME140.dll
0x00007ffb688d0000 - 0x00007ffb688f7000 	C:\WINDOWS\System32\win32u.dll
0x00007ffb6a750000 - 0x00007ffb6a77b000 	C:\WINDOWS\System32\GDI32.dll
0x00007ffb68490000 - 0x00007ffb685c8000 	C:\WINDOWS\System32\gdi32full.dll
0x00007ffb68fa0000 - 0x00007ffb69043000 	C:\WINDOWS\System32\msvcp_win.dll
0x00007ffb53f60000 - 0x00007ffb541fa000 	C:\WINDOWS\WinSxS\amd64_microsoft.windows.common-controls_6595b64144ccf1df_6.0.26100.4768_none_3e0c112ce331287c\COMCTL32.dll
0x00007ffb69e60000 - 0x00007ffb69f09000 	C:\WINDOWS\System32\msvcrt.dll
0x00007ffb697a0000 - 0x00007ffb697cf000 	C:\WINDOWS\System32\IMM32.DLL
0x00007ffb63160000 - 0x00007ffb6316c000 	c:\Users\LENOVO\.cursor\extensions\redhat.java-1.44.0-win32-x64\jre\21.0.8-win32-x86_64\bin\vcruntime140_1.dll
0x00007ffb43d00000 - 0x00007ffb43d8d000 	c:\Users\LENOVO\.cursor\extensions\redhat.java-1.44.0-win32-x64\jre\21.0.8-win32-x86_64\bin\msvcp140.dll
0x00007ffa77c40000 - 0x00007ffa789d7000 	c:\Users\LENOVO\.cursor\extensions\redhat.java-1.44.0-win32-x64\jre\21.0.8-win32-x86_64\bin\server\jvm.dll
0x00007ffb6a690000 - 0x00007ffb6a744000 	C:\WINDOWS\System32\ADVAPI32.dll
0x00007ffb69900000 - 0x00007ffb699a6000 	C:\WINDOWS\System32\sechost.dll
0x00007ffb697e0000 - 0x00007ffb698f8000 	C:\WINDOWS\System32\RPCRT4.dll
0x00007ffb69f10000 - 0x00007ffb69f84000 	C:\WINDOWS\System32\WS2_32.dll
0x00007ffb68250000 - 0x00007ffb682ae000 	C:\WINDOWS\SYSTEM32\POWRPROF.dll
0x00007ffb616b0000 - 0x00007ffb616e5000 	C:\WINDOWS\SYSTEM32\WINMM.dll
0x00007ffb616f0000 - 0x00007ffb616fb000 	C:\WINDOWS\SYSTEM32\VERSION.dll
0x00007ffb68230000 - 0x00007ffb68244000 	C:\WINDOWS\SYSTEM32\UMPDC.dll
0x00007ffb67130000 - 0x00007ffb6714b000 	C:\WINDOWS\SYSTEM32\kernel.appcore.dll
0x00007ffb56f00000 - 0x00007ffb56f0a000 	c:\Users\LENOVO\.cursor\extensions\redhat.java-1.44.0-win32-x64\jre\21.0.8-win32-x86_64\bin\jimage.dll
0x00007ffb5ae40000 - 0x00007ffb5b081000 	C:\WINDOWS\SYSTEM32\DBGHELP.DLL
0x00007ffb6ad10000 - 0x00007ffb6b095000 	C:\WINDOWS\System32\combase.dll
0x00007ffb6a790000 - 0x00007ffb6a870000 	C:\WINDOWS\System32\OLEAUT32.dll
0x00007ffb55ab0000 - 0x00007ffb55af3000 	C:\WINDOWS\SYSTEM32\dbgcore.DLL
0x00007ffb683f0000 - 0x00007ffb68489000 	C:\WINDOWS\System32\bcryptPrimitives.dll
0x00007ffb55a40000 - 0x00007ffb55a4f000 	c:\Users\LENOVO\.cursor\extensions\redhat.java-1.44.0-win32-x64\jre\21.0.8-win32-x86_64\bin\instrument.dll
0x00007ffb4a140000 - 0x00007ffb4a15f000 	c:\Users\LENOVO\.cursor\extensions\redhat.java-1.44.0-win32-x64\jre\21.0.8-win32-x86_64\bin\java.dll
0x00007ffb69050000 - 0x00007ffb6979d000 	C:\WINDOWS\System32\SHELL32.dll
0x00007ffb68750000 - 0x00007ffb688c3000 	C:\WINDOWS\System32\wintypes.dll
0x00007ffb65fb0000 - 0x00007ffb6680f000 	C:\WINDOWS\SYSTEM32\windows.storage.dll
0x00007ffb69b90000 - 0x00007ffb69c85000 	C:\WINDOWS\System32\SHCORE.dll
0x00007ffb6a1f0000 - 0x00007ffb6a25a000 	C:\WINDOWS\System32\shlwapi.dll
0x00007ffb68310000 - 0x00007ffb68339000 	C:\WINDOWS\SYSTEM32\profapi.dll
0x00007ffb4a120000 - 0x00007ffb4a138000 	c:\Users\LENOVO\.cursor\extensions\redhat.java-1.44.0-win32-x64\jre\21.0.8-win32-x86_64\bin\zip.dll
0x00007ffb4d070000 - 0x00007ffb4d080000 	C:\Users\LENOVO\.cursor\extensions\redhat.java-1.44.0-win32-x64\jre\21.0.8-win32-x86_64\bin\net.dll
0x00007ffb5ebe0000 - 0x00007ffb5ecfe000 	C:\WINDOWS\SYSTEM32\WINHTTP.dll
0x00007ffb676a0000 - 0x00007ffb6770b000 	C:\WINDOWS\system32\mswsock.dll
0x00007ffb4a100000 - 0x00007ffb4a116000 	C:\Users\LENOVO\.cursor\extensions\redhat.java-1.44.0-win32-x64\jre\21.0.8-win32-x86_64\bin\nio.dll
0x00007ffb4e650000 - 0x00007ffb4e660000 	c:\Users\LENOVO\.cursor\extensions\redhat.java-1.44.0-win32-x64\jre\21.0.8-win32-x86_64\bin\verify.dll
0x00007ffb385a0000 - 0x00007ffb385e5000 	C:\Users\LENOVO\AppData\Roaming\Cursor\User\globalStorage\redhat.java\1.44.0\config_ss_win\org.eclipse.equinox.launcher\org.eclipse.equinox.launcher.win32.win32.x86_64_1.2.1400.v20250730-1736\eclipse_11913.dll
0x00007ffb6a310000 - 0x00007ffb6a4b0000 	C:\WINDOWS\System32\ole32.dll

JVMTI agents:
c:\Users\LENOVO\.cursor\extensions\redhat.java-1.44.0-win32-x64\lombok\lombok-1.18.39-4050.jar path:c:\Users\LENOVO\.cursor\extensions\redhat.java-1.44.0-win32-x64\jre\21.0.8-win32-x86_64\bin\instrument.dll, loaded, initialized, instrumentlib options:none

dbghelp: loaded successfully - version: 4.0.5 - missing functions: none
symbol engine: initialized successfully - sym options: 0x614 - pdb path: .;c:\Users\LENOVO\.cursor\extensions\redhat.java-1.44.0-win32-x64\jre\21.0.8-win32-x86_64\bin;C:\WINDOWS\SYSTEM32;C:\WINDOWS\WinSxS\amd64_microsoft.windows.common-controls_6595b64144ccf1df_6.0.26100.4768_none_3e0c112ce331287c;c:\Users\LENOVO\.cursor\extensions\redhat.java-1.44.0-win32-x64\jre\21.0.8-win32-x86_64\bin\server;C:\Users\LENOVO\AppData\Roaming\Cursor\User\globalStorage\redhat.java\1.44.0\config_ss_win\org.eclipse.equinox.launcher\org.eclipse.equinox.launcher.win32.win32.x86_64_1.2.1400.v20250730-1736

VM Arguments:
jvm_args: --add-modules=ALL-SYSTEM --add-opens=java.base/java.util=ALL-UNNAMED --add-opens=java.base/java.lang=ALL-UNNAMED --add-opens=java.base/sun.nio.fs=ALL-UNNAMED -Declipse.application=org.eclipse.jdt.ls.core.id1 -Dosgi.bundles.defaultStartLevel=4 -Declipse.product=org.eclipse.jdt.ls.core.product -Djava.import.generatesMetadataFilesAtProjectRoot=false -DDetectVMInstallationsJob.disabled=true -Dfile.encoding=utf8 -XX:+UseParallelGC -XX:GCTimeRatio=4 -XX:AdaptiveSizePolicyWeight=90 -Dsun.zip.disableMemoryMapping=true -Xmx2G -Xms100m -Xlog:disable -javaagent:c:\Users\LENOVO\.cursor\extensions\redhat.java-1.44.0-win32-x64\lombok\lombok-1.18.39-4050.jar 
java_command: c:\Users\LENOVO\.cursor\extensions\redhat.java-1.44.0-win32-x64\server\plugins\org.eclipse.equinox.launcher_1.7.0.v20250519-0528.jar -configuration c:\Users\LENOVO\AppData\Roaming\Cursor\User\globalStorage\redhat.java\1.44.0\config_ss_win -data c:\Users\LENOVO\AppData\Roaming\Cursor\User\workspaceStorage\1baef6df04993292a9366d1574bcb784\redhat.java\ss_ws --pipe=\\.\pipe\lsp-3bae34be2a5673bdce76e4eb0caee116-sock
java_class_path (initial): c:\Users\LENOVO\.cursor\extensions\redhat.java-1.44.0-win32-x64\server\plugins\org.eclipse.equinox.launcher_1.7.0.v20250519-0528.jar
Launcher Type: SUN_STANDARD

[Global flags]
    uintx AdaptiveSizePolicyWeight                 = 90                                        {product} {command line}
     intx CICompilerCount                          = 4                                         {product} {ergonomic}
    uintx GCTimeRatio                              = 4                                         {product} {command line}
   size_t InitialHeapSize                          = 104857600                                 {product} {command line}
   size_t MaxHeapSize                              = 2147483648                                {product} {command line}
   size_t MaxNewSize                               = 715653120                                 {product} {ergonomic}
   size_t MinHeapDeltaBytes                        = 524288                                    {product} {ergonomic}
   size_t MinHeapSize                              = 104857600                                 {product} {command line}
   size_t NewSize                                  = 34603008                                  {product} {ergonomic}
    uintx NonNMethodCodeHeapSize                   = 5839372                                {pd product} {ergonomic}
    uintx NonProfiledCodeHeapSize                  = 122909434                              {pd product} {ergonomic}
   size_t OldSize                                  = 70254592                                  {product} {ergonomic}
    uintx ProfiledCodeHeapSize                     = 122909434                              {pd product} {ergonomic}
    uintx ReservedCodeCacheSize                    = 251658240                              {pd product} {ergonomic}
     bool SegmentedCodeCache                       = true                                      {product} {ergonomic}
   size_t SoftMaxHeapSize                          = 2147483648                             {manageable} {ergonomic}
     bool UseCompressedOops                        = true                           {product lp64_product} {ergonomic}
     bool UseLargePagesIndividualAllocation        = false                                  {pd product} {ergonomic}
     bool UseParallelGC                            = true                                      {product} {command line}

Logging:
Log output configuration:
 #0: stdout all=off uptime,level,tags foldmultilines=false
 #1: stderr all=off uptime,level,tags foldmultilines=false

Environment Variables:
JAVA_HOME=C:\Program Files\Eclipse Adoptium\jdk-17.0.12.7-hotspot\
PATH=C:\Program Files\Git\cmd;C:\Program Files\nodejs\;C:\Users\LENOVO\AppData\Roaming\npm;C:\Program Files\nodejs\;C:\Users\LENOVO\Downloads\apache-maven-3.9.9-bin\apache-maven-3.9.9\bin;C:\Users\LENOVO\AppData\Local\Programs\cursor\resources\app\bin;C:\Users\LENOVO\AppData\Local\Programs\Microsoft VS Code\bin;C:\Users\LENOVO\AppData\Roaming\npm;C:\Windows\System32;C:\Program Files\Microsoft SQL Server\Client SDK\ODBC\170\Tools\Binn\;C:\Program Files\dotnet\;C:\Program Files\Microsoft SQL Server\Client SDK\ODBC\130\Tools\Binn\;C:\Program Files\Microsoft SQL Server\150\Tools\Binn\;C:\Users\LENOVO\Downloads\apache-maven-3.9.9-bin\apache-maven-3.9.9\bin;C:\Users\LENOVO\AppData\Roaming\npm;C:\Users\LENOVO\AppData\Local\Programs\Microsoft VS Code\bin;C:\Users\LENOVO\.dotnet\tools;C:\Users\LENOVO\AppData\Local\Programs\Windsurf\bin;C:\Users\LENOVO\AppData\Local\Programs\cursor\resources\app\bin
USERNAME=LENOVO
OS=Windows_NT
PROCESSOR_IDENTIFIER=AMD64 Family 23 Model 104 Stepping 1, AuthenticAMD
TMP=C:\Users\LENOVO\AppData\Local\Temp
TEMP=C:\Users\LENOVO\AppData\Local\Temp




Periodic native trim disabled

---------------  S Y S T E M  ---------------

OS:
 Windows 11 , 64 bit Build 26100 (10.0.26100.4768)
OS uptime: 0 days 0:45 hours
Hyper-V role detected

CPU: total 12 (initial active 12) (12 cores per cpu, 2 threads per core) family 23 model 104 stepping 1 microcode 0x8608109, cx8, cmov, fxsr, ht, mmx, 3dnowpref, sse, sse2, sse3, ssse3, sse4a, sse4.1, sse4.2, popcnt, lzcnt, tsc, tscinvbit, avx, avx2, aes, clmul, bmi1, bmi2, adx, sha, fma, vzeroupper, clflush, clflushopt, hv, rdtscp, rdpid, f16c
Processor Information for the first 12 processors :
  Max Mhz: 2100, Current Mhz: 1700, Mhz Limit: 2100

Memory: 4k page, system-wide physical 5989M (752M free)
TotalPageFile size 24421M (AvailPageFile size 23M)
current process WorkingSet (physical memory assigned to process): 70M, peak: 85M
current process commit charge ("private bytes"): 245M, peak: 251M

vm_info: OpenJDK 64-Bit Server VM (21.0.8+9-LTS) for windows-amd64 JRE (21.0.8+9-LTS), built on 2025-07-15T00:00:00Z by "admin" with MS VC++ 17.7 (VS2022)

END.
